test_another_ticket_s_evidence_does_not_count (test_acceptance.BindingTests.test_another_ticket_s_evidence_does_not_count) ... ok
test_evidence_for_one_criterion_never_satisfies_another (test_acceptance.BindingTests.test_evidence_for_one_criterion_never_satisfies_another) ... ok
test_evidence_naming_an_undeclared_criterion_is_reported (test_acceptance.BindingTests.test_evidence_naming_an_undeclared_criterion_is_reported) ... ok
test_structured_evidence_binds_to_its_criterion (test_acceptance.BindingTests.test_structured_evidence_binds_to_its_criterion) ... ok
test_a_duplicate_id_keeps_the_first_declaration (test_acceptance.CriterionParsingTests.test_a_duplicate_id_keeps_the_first_declaration)
An id that changes meaning mid-clause is worse than a stable one. ... ok
test_a_legacy_clause_declares_nothing_and_is_not_an_error (test_acceptance.CriterionParsingTests.test_a_legacy_clause_declares_nothing_and_is_not_an_error) ... ok
test_an_empty_clause_declares_nothing (test_acceptance.CriterionParsingTests.test_an_empty_clause_declares_nothing) ... ok
test_criteria_are_read_in_declaration_order (test_acceptance.CriterionParsingTests.test_criteria_are_read_in_declaration_order) ... ok
test_prose_mentioning_an_ac_id_mid_sentence_is_not_a_criterion (test_acceptance.CriterionParsingTests.test_prose_mentioning_an_ac_id_mid_sentence_is_not_a_criterion) ... ok
test_a_producer_claim_has_no_representable_form (test_acceptance.EvidenceGrammarTests.test_a_producer_claim_has_no_representable_form) ... ok
test_a_well_formed_record_parses (test_acceptance.EvidenceGrammarTests.test_a_well_formed_record_parses) ... ok
test_an_unknown_evidence_class_is_malformed (test_acceptance.EvidenceGrammarTests.test_an_unknown_evidence_class_is_malformed)
An open vocabulary is how `verified-by-agent` walks back in. ... ok
test_detail_is_optional (test_acceptance.EvidenceGrammarTests.test_detail_is_optional) ... ok
test_a_positive_violation_is_failed_not_unverified (test_acceptance.HonestStateTests.test_a_positive_violation_is_failed_not_unverified) ... ok
test_conflicting_current_evidence_is_contested (test_acceptance.HonestStateTests.test_conflicting_current_evidence_is_contested) ... ok
test_fresh_evidence_after_a_rebuild_is_current (test_acceptance.HonestStateTests.test_fresh_evidence_after_a_rebuild_is_current) ... ok
test_missing_evidence_is_unverified (test_acceptance.HonestStateTests.test_missing_evidence_is_unverified) ... ok
test_stale_evidence_alone_is_contested_not_satisfied (test_acceptance.HonestStateTests.test_stale_evidence_alone_is_contested_not_satisfied)
It proved something -- about a tree that has since moved. ... ok
test_unknown_result_does_not_become_pass (test_acceptance.HonestStateTests.test_unknown_result_does_not_become_pass) ... ok
test_a_checkpoint_asserting_completion_moves_nothing (test_acceptance.ProseCannotBecomeEvidenceTests.test_a_checkpoint_asserting_completion_moves_nothing) ... ok
test_auditor_prose_quoting_the_marker_is_not_evidence (test_acceptance.ProseCannotBecomeEvidenceTests.test_auditor_prose_quoting_the_marker_is_not_evidence) ... ok
test_this_module_docstring_activates_nothing (test_acceptance.ProseCannotBecomeEvidenceTests.test_this_module_docstring_activates_nothing) ... ok
test_reconciling_the_live_ticket_changes_no_canonical_byte (test_acceptance.ReadOnlyTests.test_reconciling_the_live_ticket_changes_no_canonical_byte) ... ok
test_render_distinguishes_a_legacy_ticket_from_a_proven_one (test_acceptance.ReadOnlyTests.test_render_distinguishes_a_legacy_ticket_from_a_proven_one) ... ok
test_the_projection_is_reproducible_from_the_same_inputs (test_acceptance.ReadOnlyTests.test_the_projection_is_reproducible_from_the_same_inputs) ... ok
test_absent_metadata_is_unknown_not_false (test_adaptive_runtime.AdaptiveRuntimeTests.test_absent_metadata_is_unknown_not_false) ... ok
test_agent_flag_never_guesses_model_provider_or_capabilities (test_adaptive_runtime.AdaptiveRuntimeTests.test_agent_flag_never_guesses_model_provider_or_capabilities) ... ok
test_bare_runtime_inherits_persisted_agent_without_handover (test_adaptive_runtime.AdaptiveRuntimeTests.test_bare_runtime_inherits_persisted_agent_without_handover) ... ok
test_cli_environment_metadata_and_explicit_precedence (test_adaptive_runtime.AdaptiveRuntimeTests.test_cli_environment_metadata_and_explicit_precedence) ... ok
test_cli_environment_metadata_loads_without_explicit_flag (test_adaptive_runtime.AdaptiveRuntimeTests.test_cli_environment_metadata_loads_without_explicit_flag) ... ok
test_cli_explicit_runtime_info_keeps_agent_separate (test_adaptive_runtime.AdaptiveRuntimeTests.test_cli_explicit_runtime_info_keeps_agent_separate) ... ok
test_duplicate_fields_and_boolean_schema_are_rejected (test_adaptive_runtime.AdaptiveRuntimeTests.test_duplicate_fields_and_boolean_schema_are_rejected) ... ok
test_explicit_metadata_and_tristate_capabilities (test_adaptive_runtime.AdaptiveRuntimeTests.test_explicit_metadata_and_tristate_capabilities) ... ok
test_explicit_path_precedes_environment_path (test_adaptive_runtime.AdaptiveRuntimeTests.test_explicit_path_precedes_environment_path) ... ok
test_malformed_and_non_regular_metadata_fail_controlled (test_adaptive_runtime.AdaptiveRuntimeTests.test_malformed_and_non_regular_metadata_fail_controlled) ... ok
test_malformed_cli_input_has_no_traceback_and_zero_writes (test_adaptive_runtime.AdaptiveRuntimeTests.test_malformed_cli_input_has_no_traceback_and_zero_writes) ... ok
test_oversized_metadata_is_refused_before_parse (test_adaptive_runtime.AdaptiveRuntimeTests.test_oversized_metadata_is_refused_before_parse) ... ok
test_runtime_document_cannot_override_agent_seat (test_adaptive_runtime.AdaptiveRuntimeTests.test_runtime_document_cannot_override_agent_seat) ... ok
test_runtime_info_is_refused_on_non_runtime_command (test_adaptive_runtime.AdaptiveRuntimeTests.test_runtime_info_is_refused_on_non_runtime_command) ... ok
test_runtime_is_classified_read_only_and_canonical_agent_cc_still_routes (test_adaptive_runtime.AdaptiveRuntimeTests.test_runtime_is_classified_read_only_and_canonical_agent_cc_still_routes) ... ok
test_ccc_atomically_records_head_refreshes_claim_and_clears_goal_counters (test_audit_2026_08_27_core.CccAuditTests.test_ccc_atomically_records_head_refreshes_claim_and_clears_goal_counters) ... warning: in the working copy of '.saipen/IDENTITY.md', LF will be replaced by CRLF the next time Git touches it
warning: in the working copy of '.saipen/recovery/settled/.receipt-index.json', LF will be replaced by CRLF the next time Git touches it
warning: in the working copy of '.saipen/recovery/settled/op-migrate-lineage/operation.json', LF will be replaced by CRLF the next time Git touches it
ok
test_ccc_refuses_foreign_live_claim_without_marker_or_state_change (test_audit_2026_08_27_core.CccAuditTests.test_ccc_refuses_foreign_live_claim_without_marker_or_state_change) ... warning: in the working copy of '.saipen/IDENTITY.md', LF will be replaced by CRLF the next time Git touches it
warning: in the working copy of '.saipen/recovery/settled/.receipt-index.json', LF will be replaced by CRLF the next time Git touches it
warning: in the working copy of '.saipen/recovery/settled/op-migrate-lineage/operation.json', LF will be replaced by CRLF the next time Git touches it
ok
test_cli_stop_uses_canonical_owned_transaction (test_audit_2026_08_27_core.StopAuditTests.test_cli_stop_uses_canonical_owned_transaction) ... ok
test_normal_stop_checkpoints_log_board_state_and_digest (test_audit_2026_08_27_core.StopAuditTests.test_normal_stop_checkpoints_log_board_state_and_digest) ... ok
test_read_only_stop_emits_real_digest_projection_and_writes_nothing (test_audit_2026_08_27_core.StopAuditTests.test_read_only_stop_emits_real_digest_projection_and_writes_nothing) ... ok
test_stop_goal_caps_emit_canonical_wait_without_reset (test_audit_2026_08_27_core.StopAuditTests.test_stop_goal_caps_emit_canonical_wait_without_reset) ... ok
test_stop_refuses_foreign_live_claim_with_zero_writes (test_audit_2026_08_27_core.StopAuditTests.test_stop_refuses_foreign_live_claim_with_zero_writes) ... ok
test_ci_fast_unit_uses_the_same_orchestrator (test_audit_2026_08_27_core.TestCommandAuditTests.test_ci_fast_unit_uses_the_same_orchestrator) ... ok
test_injected_failing_family_is_reported_as_overall_failure (test_audit_2026_08_27_core.TestCommandAuditTests.test_injected_failing_family_is_reported_as_overall_failure) ... ok
test_tt_dry_run_is_a_zero_write_non_recursive_plan (test_audit_2026_08_27_core.TestCommandAuditTests.test_tt_dry_run_is_a_zero_write_non_recursive_plan) ... ok
test_old_deterministic_temp_links_are_never_used (test_audit_2026_08_27_w2.JournalIntermediateOwnershipTests.test_old_deterministic_temp_links_are_never_used) ... ok
test_start_refuses_preexisting_staged_symlink (test_audit_2026_08_27_w2.JournalIntermediateOwnershipTests.test_start_refuses_preexisting_staged_symlink) ... ok
test_two_parallel_identical_observations_preserve_sequence (test_audit_2026_08_27_w2.LivenessRaceTests.test_two_parallel_identical_observations_preserve_sequence) ... ok
test_core_lock_final_symlink_refused (test_audit_2026_08_27_w2.LockOwnershipTests.test_core_lock_final_symlink_refused) ... ok
test_generic_lock_final_symlink_refused (test_audit_2026_08_27_w2.LockOwnershipTests.test_generic_lock_final_symlink_refused) ... ok
test_open_failure_unwinds_every_reservation (test_audit_2026_08_27_w2.LockOwnershipTests.test_open_failure_unwinds_every_reservation) ... ok
test_post_open_failure_unwinds_every_reservation (test_audit_2026_08_27_w2.LockOwnershipTests.test_post_open_failure_unwinds_every_reservation) ... ok
test_producer_lock_final_symlink_refused (test_audit_2026_08_27_w2.LockOwnershipTests.test_producer_lock_final_symlink_refused) ... ok
test_external_epoch_symlink_never_becomes_authority (test_audit_2026_08_27_w2.ProducerDescendantOwnershipTests.test_external_epoch_symlink_never_becomes_authority) ... ok
test_generation_authority_cannot_be_relabelled (test_audit_2026_08_27_w2.ProducerDescendantOwnershipTests.test_generation_authority_cannot_be_relabelled) ... ok
test_nested_payload_parent_symlink_blocks_write (test_audit_2026_08_27_w2.ProducerDescendantOwnershipTests.test_nested_payload_parent_symlink_blocks_write) ... ok
test_ready_reuse_rejects_partial_existing_authority (test_audit_2026_08_27_w2.ProducerDescendantOwnershipTests.test_ready_reuse_rejects_partial_existing_authority) ... ok
test_ready_symlink_blocks_publication (test_audit_2026_08_27_w2.ProducerDescendantOwnershipTests.test_ready_symlink_blocks_publication) ... ok
test_source_bound_packages_and_retirement_are_non_aliasing (test_audit_2026_08_27_w2.ProducerDescendantOwnershipTests.test_source_bound_packages_and_retirement_are_non_aliasing) ... ok
test_staging_root_symlink_blocks_begin_and_recovery (test_audit_2026_08_27_w2.ProducerDescendantOwnershipTests.test_staging_root_symlink_blocks_begin_and_recovery) ... ok
test_archived_coverage_adding_unknown_requirement_refuses (test_audit_2026_08_28_all3.CoreArchiveSettlementTamperTests.test_archived_coverage_adding_unknown_requirement_refuses) ... ok
test_archived_coverage_changing_class_actionable_and_text_refuses (test_audit_2026_08_28_all3.CoreArchiveSettlementTamperTests.test_archived_coverage_changing_class_actionable_and_text_refuses) ... ok
test_archived_coverage_downgrading_terminal_disposition_refuses (test_audit_2026_08_28_all3.CoreArchiveSettlementTamperTests.test_archived_coverage_downgrading_terminal_disposition_refuses) ... ok
test_archived_coverage_dropping_contract_requirement_refuses (test_audit_2026_08_28_all3.CoreArchiveSettlementTamperTests.test_archived_coverage_dropping_contract_requirement_refuses) ... ok
test_archived_coverage_removing_evidence_refuses (test_audit_2026_08_28_all3.CoreArchiveSettlementTamperTests.test_archived_coverage_removing_evidence_refuses) ... ok
test_archived_coverage_removing_verification_refuses (test_audit_2026_08_28_all3.CoreArchiveSettlementTamperTests.test_archived_coverage_removing_verification_refuses) ... ok
test_untampered_interrupted_close_settles_idempotently (test_audit_2026_08_28_all3.CoreArchiveSettlementTamperTests.test_untampered_interrupted_close_settles_idempotently) ... ok
test_archived_coverage_and_contract_must_agree_when_both_carriers_exist (test_audit_2026_08_28_all3.CoreArchiveStrictBundleTests.test_archived_coverage_and_contract_must_agree_when_both_carriers_exist) ... ok
test_archived_metadata_must_carry_received_at_utc (test_audit_2026_08_28_all3.CoreArchiveStrictBundleTests.test_archived_metadata_must_carry_received_at_utc) ... ok
test_archived_redaction_digest_must_equal_archived_body (test_audit_2026_08_28_all3.CoreArchiveStrictBundleTests.test_archived_redaction_digest_must_equal_archived_body) ... ok
test_malformed_out_of_band_sibling_fails_closed (test_audit_2026_08_28_all3.CoreConformanceAppendRaceTests.test_malformed_out_of_band_sibling_fails_closed) ... ok
test_valid_out_of_band_sibling_does_not_advance_append_proof (test_audit_2026_08_28_all3.CoreConformanceAppendRaceTests.test_valid_out_of_band_sibling_does_not_advance_append_proof) ... ok
test_valid_out_of_band_sibling_never_becomes_the_indexed_latest (test_audit_2026_08_28_all3.CoreConformanceAppendRaceTests.test_valid_out_of_band_sibling_never_becomes_the_indexed_latest)
With foreign history present, the O(1) locator must not launder the ... ok
test_added_covered_unlinked_receipt_drifts_planned_authority (test_audit_2026_08_28_all3.CorePlanAuthorityDriftTests.test_added_covered_unlinked_receipt_drifts_planned_authority) ... ok
test_archived_receipt_drifts_planned_authority (test_audit_2026_08_28_all3.CorePlanAuthorityDriftTests.test_archived_receipt_drifts_planned_authority) ... ok
test_mutated_authority_carrier_drifts_planned_authority (test_audit_2026_08_28_all3.CorePlanAuthorityDriftTests.test_mutated_authority_carrier_drifts_planned_authority) ... ok
test_planned_authority_is_clean_before_any_drift (test_audit_2026_08_28_all3.CorePlanAuthorityDriftTests.test_planned_authority_is_clean_before_any_drift) ... ok
test_preflight_refuses_authority_drift_before_any_staging (test_audit_2026_08_28_all3.CorePlanAuthorityDriftTests.test_preflight_refuses_authority_drift_before_any_staging) ... ok
test_removed_authority_carrier_drifts_planned_authority (test_audit_2026_08_28_all3.CorePlanAuthorityDriftTests.test_removed_authority_carrier_drifts_planned_authority) ... ok
test_release_plan_binds_source_authority_manifest_in_canonical (test_audit_2026_08_28_all3.CorePlanBindingAuditTests.test_release_plan_binds_source_authority_manifest_in_canonical) ... warning: in the working copy of '.saipen/IDENTITY.md', LF will be replaced by CRLF the next time Git touches it
warning: in the working copy of '.saipen/recovery/settled/.receipt-index.json', LF will be replaced by CRLF the next time Git touches it
warning: in the working copy of '.saipen/recovery/settled/op-migrate-lineage/operation.json', LF will be replaced by CRLF the next time Git touches it
ok
test_source_authority_manifest_drift_refuses_preflight_before_writes (test_audit_2026_08_28_all3.CorePlanBindingAuditTests.test_source_authority_manifest_drift_refuses_preflight_before_writes) ... warning: in the working copy of '.saipen/IDENTITY.md', LF will be replaced by CRLF the next time Git touches it
warning: in the working copy of '.saipen/recovery/settled/.receipt-index.json', LF will be replaced by CRLF the next time Git touches it
warning: in the working copy of '.saipen/recovery/settled/op-migrate-lineage/operation.json', LF will be replaced by CRLF the next time Git touches it
ok
test_capture_persists_exact_bytes_and_never_collapses_distinct_sources (test_audit_2026_08_28_all3.CoreSensitiveAuditTests.test_capture_persists_exact_bytes_and_never_collapses_distinct_sources)
CORE-001: two bodies differing by one token must be two receipts. ... ok
test_duplicate_capture_requires_byte_identical_input (test_audit_2026_08_28_all3.CoreSensitiveAuditTests.test_duplicate_capture_requires_byte_identical_input)
CORE-001: dedupe is exact-bytes only; a one-byte change is new. ... ok
test_legacy_redacted_receipt_admits_lost_original_without_inventing_bytes (test_audit_2026_08_28_all3.CoreSensitiveAuditTests.test_legacy_redacted_receipt_admits_lost_original_without_inventing_bytes)
CORE-001: a pre-repair redacted receipt states the original is gone. ... ok
test_release_gate_and_validate_refuse_archived_legacy_credential (test_audit_2026_08_28_all3.CoreSensitiveAuditTests.test_release_gate_and_validate_refuse_archived_legacy_credential) ... ok
test_release_gate_refuses_legacy_sensitive_unsanitized_active_receipt (test_audit_2026_08_28_all3.CoreSensitiveAuditTests.test_release_gate_refuses_legacy_sensitive_unsanitized_active_receipt) ... ok
test_sensitive_capture_flags_without_mutating_canonical_bytes (test_audit_2026_08_28_all3.CoreSensitiveAuditTests.test_sensitive_capture_flags_without_mutating_canonical_bytes)
CORE-001: detection is metadata; the receipt keeps the exact body. ... ok
test_crew_release_counting_does_not_re_inventory (test_audit_2026_08_28_all3.CrewPlanSourceAuthorityOnceTests.test_crew_release_counting_does_not_re_inventory)
The post-T-1193 invariant: one call-scoped inventory. The crew ... ok
test_plan_crew_release_reuses_passed_inventory (test_audit_2026_08_28_all3.CrewPlanSourceAuthorityOnceTests.test_plan_crew_release_reuses_passed_inventory) ... ok
test_archive_recovery_proves_bundle_before_settlement (test_audit_2026_08_28_all3.IntakeAuditTests.test_archive_recovery_proves_bundle_before_settlement) ... ok
test_archived_status_refuses_corrupt_coverage (test_audit_2026_08_28_all3.IntakeAuditTests.test_archived_status_refuses_corrupt_coverage) ... ok
test_corrupt_partial_archive_refusal_is_zero_write (test_audit_2026_08_28_all3.IntakeAuditTests.test_corrupt_partial_archive_refusal_is_zero_write) ... ok
test_release_gate_refuses_indexed_receipt_without_metadata (test_audit_2026_08_28_all3.IntakeAuditTests.test_release_gate_refuses_indexed_receipt_without_metadata) ... ok
test_release_surface_preserves_source_authority_in_fresh_clone (test_audit_2026_08_28_all3.IntakeAuditTests.test_release_surface_preserves_source_authority_in_fresh_clone) ... ok
test_source_body_limits_apply_before_write_and_during_recovery (test_audit_2026_08_28_all3.IntakeAuditTests.test_source_body_limits_apply_before_write_and_during_recovery) ... ok
test_retry_semantics_include_causal_preconditions (test_audit_2026_08_28_all3.JournalAuditTests.test_retry_semantics_include_causal_preconditions) ... ok
test_same_op_corrupt_journal_retry_preserves_evidence (test_audit_2026_08_28_all3.JournalAuditTests.test_same_op_corrupt_journal_retry_preserves_evidence) ... ok
test_no_publish_plan_reuses_passed_inventory (test_audit_2026_08_28_all3.NoPublishPlanSourceAuthorityOnceTests.test_no_publish_plan_reuses_passed_inventory) ... ok
test_no_publish_release_counting_does_not_re_inventory (test_audit_2026_08_28_all3.NoPublishPlanSourceAuthorityOnceTests.test_no_publish_release_counting_does_not_re_inventory) ... ok
test_ordinary_release_counting_does_not_re_inventory (test_audit_2026_08_28_all3.OrdinaryPlanSourceAuthorityOnceTests.test_ordinary_release_counting_does_not_re_inventory) ... ok
test_conformance_history_tamper_blocks_append_and_lookup (test_audit_2026_08_28_all3.PerformanceAuditTests.test_conformance_history_tamper_blocks_append_and_lookup) ... ok
test_conformance_index_bootstraps_once_then_appends_incrementally (test_audit_2026_08_28_all3.PerformanceAuditTests.test_conformance_index_bootstraps_once_then_appends_incrementally) ... ok
test_context_renderers_keep_full_history_capture (test_audit_2026_08_28_all3.PerformanceAuditTests.test_context_renderers_keep_full_history_capture) ... ok
test_corrupt_ready_is_preserved_instead_of_replaced (test_audit_2026_08_28_all3.PerformanceAuditTests.test_corrupt_ready_is_preserved_instead_of_replaced) ... ok
test_cross_process_writer_contention_has_stable_busy_codes (test_audit_2026_08_28_all3.PerformanceAuditTests.test_cross_process_writer_contention_has_stable_busy_codes) ... ok
test_focus_reads_are_prebounded_and_fingerprint_streams_stably (test_audit_2026_08_28_all3.PerformanceAuditTests.test_focus_reads_are_prebounded_and_fingerprint_streams_stably) ... ok
test_lean_and_full_project_snapshot_read_each_history_segment_once (test_audit_2026_08_28_all3.PerformanceAuditTests.test_lean_and_full_project_snapshot_read_each_history_segment_once) ... ok
test_lean_project_snapshot_preserves_routing_fields_and_drops_renderings (test_audit_2026_08_28_all3.PerformanceAuditTests.test_lean_project_snapshot_preserves_routing_fields_and_drops_renderings) ... ok
test_liveness_cache_lock_contention_is_non_blocking (test_audit_2026_08_28_all3.PerformanceAuditTests.test_liveness_cache_lock_contention_is_non_blocking) ... ok
test_nonretained_log_snapshot_preserves_semantics_and_digest (test_audit_2026_08_28_all3.PerformanceAuditTests.test_nonretained_log_snapshot_preserves_semantics_and_digest) ... ok
test_ready_publisher_and_reader_share_one_size_contract (test_audit_2026_08_28_all3.PerformanceAuditTests.test_ready_publisher_and_reader_share_one_size_contract) ... ok
test_runner_returns_bounded_utf8_replaced_tails (test_audit_2026_08_28_all3.PerformanceAuditTests.test_runner_returns_bounded_utf8_replaced_tails) ... ok
test_runner_timeout_reaps_descendant_and_returns_json_text (test_audit_2026_08_28_all3.PerformanceAuditTests.test_runner_timeout_reaps_descendant_and_returns_json_text) ... ok
test_settled_index_is_warm_and_content_authenticated (test_audit_2026_08_28_all3.PerformanceAuditTests.test_settled_index_is_warm_and_content_authenticated) ... ok
test_snapshot_history_ownership_refuses_symlink_and_directory (test_audit_2026_08_28_all3.PerformanceAuditTests.test_snapshot_history_ownership_refuses_symlink_and_directory) ... ok
test_stage_g_reuses_one_predecessor_lookup (test_audit_2026_08_28_all3.PerformanceAuditTests.test_stage_g_reuses_one_predecessor_lookup) ... ok
test_status_next_explain_are_identical_with_full_and_lean_capture (test_audit_2026_08_28_all3.PerformanceAuditTests.test_status_next_explain_are_identical_with_full_and_lean_capture) ... ok
test_windows_reserved_device_entries_do_not_break_test_sandbox (test_audit_2026_08_28_all3.PerformanceAuditTests.test_windows_reserved_device_entries_do_not_break_test_sandbox) ... ok
test_historical_undo_does_not_mask_later_current_restore (test_audit_2026_08_28_all3.UndoAuditTests.test_historical_undo_does_not_mask_later_current_restore) ... ok
test_unrelated_committed_receipt_never_satisfies_undo (test_audit_2026_08_28_all3.UndoAuditTests.test_unrelated_committed_receipt_never_satisfies_undo) ... ok
test_a_lost_bump_survives_a_sealed_marker (test_audit_2026_08_29_all3_impl.Core002ReconciliationTests.test_a_lost_bump_survives_a_sealed_marker)
The pivot may be sealed away; the count must still rebuild (1.5). ... ok
test_absent_counters_under_goal_intent_are_repaired_to_zero (test_audit_2026_08_29_all3_impl.Core002ReconciliationTests.test_absent_counters_under_goal_intent_are_repaired_to_zero) ... ok
test_ahead_under_cap_counter_reconciles_downward (test_audit_2026_08_29_all3_impl.Core002ReconciliationTests.test_ahead_under_cap_counter_reconciles_downward)
CORE-001 (audit-all3): an ahead counter UNDER the cap is reconciled ... ok
test_board_repair_and_state_repair_commit_together (test_audit_2026_08_29_all3_impl.Core002ReconciliationTests.test_board_repair_and_state_repair_commit_together) ... ok
test_clean_surface_reports_clean_and_writes_nothing (test_audit_2026_08_29_all3_impl.Core002ReconciliationTests.test_clean_surface_reports_clean_and_writes_nothing) ... ok
test_corrupt_last_event_is_repaired_from_the_log_tail (test_audit_2026_08_29_all3_impl.Core002ReconciliationTests.test_corrupt_last_event_is_repaired_from_the_log_tail) ... ok
test_damage_outside_the_owned_surface_is_refused_not_certified (test_audit_2026_08_29_all3_impl.Core002ReconciliationTests.test_damage_outside_the_owned_surface_is_refused_not_certified)
Damage reconciliation does NOT own must never be laundered as CLEAN. ... ok
test_dry_run_writes_zero_bytes_while_reporting_the_real_plan (test_audit_2026_08_29_all3_impl.Core002ReconciliationTests.test_dry_run_writes_zero_bytes_while_reporting_the_real_plan) ... ok
test_goal_counters_behind_the_log_are_repaired_upward (test_audit_2026_08_29_all3_impl.Core002ReconciliationTests.test_goal_counters_behind_the_log_are_repaired_upward)
A bump that reached the LOG and never reached STATE is the crash ... ok
test_interrupted_reconciliation_is_settled_by_ordinary_recovery (test_audit_2026_08_29_all3_impl.Core002ReconciliationTests.test_interrupted_reconciliation_is_settled_by_ordinary_recovery) ... ok
test_no_board_only_path_certifies_clean_while_state_is_red (test_audit_2026_08_29_all3_impl.Core002ReconciliationTests.test_no_board_only_path_certifies_clean_while_state_is_red)
The defect: a STATE-only drift must never be reported CLEAN. ... ok
test_reauthorization_clears_the_rebuild_window (test_audit_2026_08_29_all3_impl.Core002ReconciliationTests.test_reauthorization_clears_the_rebuild_window)
A `DEC: goal reauthorized` marker resets the count (CORE 1.5). ... ok
test_tripped_valve_counter_is_never_tidied_down (test_audit_2026_08_29_all3_impl.Core002ReconciliationTests.test_tripped_valve_counter_is_never_tidied_down)
Section 2.4 + CORE-001 (audit-all3): an at/over-cap counter while ... ok
test_ahead_under_cap_apply_reconciles_downward (test_audit_2026_08_30_all3_impl.Core001CounterReconciliation.test_ahead_under_cap_apply_reconciles_downward) ... ok
test_ahead_under_cap_dry_run_reports_repair (test_audit_2026_08_30_all3_impl.Core001CounterReconciliation.test_ahead_under_cap_dry_run_reports_repair) ... ok
test_at_cap_with_lower_canonical_refuses_clean (test_audit_2026_08_30_all3_impl.Core001CounterReconciliation.test_at_cap_with_lower_canonical_refuses_clean) ... ok
test_clean_state_is_clean (test_audit_2026_08_30_all3_impl.Core001CounterReconciliation.test_clean_state_is_clean) ... ok
test_malformed_counter_repairs_with_explicit_reason (test_audit_2026_08_30_all3_impl.Core001CounterReconciliation.test_malformed_counter_repairs_with_explicit_reason) ... ok
test_under_counter_repairs_upward (test_audit_2026_08_30_all3_impl.Core001CounterReconciliation.test_under_counter_repairs_upward) ... ok
test_body_only_orphan_recovery_restores_allocator (test_audit_2026_08_30_all3_impl.W2001OrphanAllocator.test_body_only_orphan_recovery_restores_allocator) ... ok
test_partial_orphan_recovery_restores_allocator (test_audit_2026_08_30_all3_impl.W2001OrphanAllocator.test_partial_orphan_recovery_restores_allocator) ... ok
test_keyboard_interrupt_during_wait_terminates_child_tree (test_audit_2026_08_30_all3_impl.W2003ProcessCleanup.test_keyboard_interrupt_during_wait_terminates_child_tree) ... ok
test_dangling_quote_after_payload_refuses (test_audit_2026_08_30_all3_impl.W2004CompoundParser.test_dangling_quote_after_payload_refuses) ... ok
test_dangling_quote_refuses (test_audit_2026_08_30_all3_impl.W2004CompoundParser.test_dangling_quote_refuses) ... ok
test_empty_quoted_payload (test_audit_2026_08_30_all3_impl.W2004CompoundParser.test_empty_quoted_payload) ... ok
test_escaped_quote_is_literal_not_toggle (test_audit_2026_08_30_all3_impl.W2004CompoundParser.test_escaped_quote_is_literal_not_toggle) ... ok
test_literal_quote_then_dangling_refuses (test_audit_2026_08_30_all3_impl.W2004CompoundParser.test_literal_quote_then_dangling_refuses) ... ok
test_plain_compound (test_audit_2026_08_30_all3_impl.W2004CompoundParser.test_plain_compound) ... ok
test_quoted_newline_preserved (test_audit_2026_08_30_all3_impl.W2004CompoundParser.test_quoted_newline_preserved) ... ok
test_quoted_plus_preserved (test_audit_2026_08_30_all3_impl.W2004CompoundParser.test_quoted_plus_preserved) ... ok
test_a_producer_cannot_choose_a_path_or_overwrite_a_layer (test_audit_dogfood.BridgeContainment.test_a_producer_cannot_choose_a_path_or_overwrite_a_layer) ... ok
test_a_producer_cannot_write_core_board_state_or_log (test_audit_dogfood.BridgeContainment.test_a_producer_cannot_write_core_board_state_or_log) ... ok
test_a_producer_finding_id_survives_closure_and_deletion (test_audit_dogfood.BridgeContainment.test_a_producer_finding_id_survives_closure_and_deletion) ... ok
test_a_rejected_finding_is_a_valid_terminal_outcome (test_audit_dogfood.BridgeContainment.test_a_rejected_finding_is_a_valid_terminal_outcome) ... ok
test_producer_severity_and_confidence_stay_claims (test_audit_dogfood.BridgeContainment.test_producer_severity_and_confidence_stay_claims) ... ok
test_no_engine_module_branches_on_a_producer_name (test_audit_dogfood.ProducerNeutrality.test_no_engine_module_branches_on_a_producer_name)
A producer name may appear in prose. It may not reach EXECUTABLE code. ... ok
test_the_producer_surface_is_exactly_enqueue_plus_a_read_only_lookup (test_audit_dogfood.ProducerNeutrality.test_the_producer_surface_is_exactly_enqueue_plus_a_read_only_lookup) ... ok
test_three_producer_shapes_reach_the_same_transport_state (test_audit_dogfood.ProducerNeutrality.test_three_producer_shapes_reach_the_same_transport_state) ... ok
test_a_number_consumed_before_this_allocator_existed_is_never_reissued (test_audit_enqueue.Allocation.test_a_number_consumed_before_this_allocator_existed_is_never_reissued)
The binding outlives the file, and the allocator has to read it. ... ok
test_first_enqueue_is_layer_one_and_places_exact_bytes (test_audit_enqueue.Allocation.test_first_enqueue_is_layer_one_and_places_exact_bytes) ... ok
test_ids_are_monotonic_and_never_reuse_a_deleted_number (test_audit_enqueue.Allocation.test_ids_are_monotonic_and_never_reuse_a_deleted_number) ... ok
test_manual_high_drop_advances_the_allocator_and_is_not_overwritten (test_audit_enqueue.Allocation.test_manual_high_drop_advances_the_allocator_and_is_not_overwritten) ... ok
test_no_temp_file_survives_a_successful_enqueue (test_audit_enqueue.Allocation.test_no_temp_file_survives_a_successful_enqueue) ... ok
test_a_different_audit_still_gets_its_own_layer (test_audit_enqueue.AllocatorLoss.test_a_different_audit_still_gets_its_own_layer) ... ok
test_recovery_reads_the_binding_when_the_layer_is_already_consumed (test_audit_enqueue.AllocatorLoss.test_recovery_reads_the_binding_when_the_layer_is_already_consumed) ... ok
test_retry_after_the_allocator_is_lost_does_not_duplicate_the_layer (test_audit_enqueue.AllocatorLoss.test_retry_after_the_allocator_is_lost_does_not_duplicate_the_layer) ... ok
test_a_broken_timeout_override_falls_back_to_the_default_never_forever (test_audit_enqueue.BoundedAllocatorWait.test_a_broken_timeout_override_falls_back_to_the_default_never_forever) ... ok
test_a_foreign_holder_yields_writer_busy_within_the_bound (test_audit_enqueue.BoundedAllocatorWait.test_a_foreign_holder_yields_writer_busy_within_the_bound) ... ok
test_normal_contention_still_waits_and_allocates_distinct_ids (test_audit_enqueue.BoundedAllocatorWait.test_normal_contention_still_waits_and_allocates_distinct_ids)
The bound is a deadline, not a refusal: ordinary queueing still works. ... ok
test_the_process_guard_is_not_held_across_the_wait (test_audit_enqueue.BoundedAllocatorWait.test_the_process_guard_is_not_held_across_the_wait)
Every same-process caller must get its own bounded refusal. ... ok
test_a_scanner_never_observes_a_partially_written_layer (test_audit_enqueue.Concurrency.test_a_scanner_never_observes_a_partially_written_layer)
The bytes become a LAYER at the install, never before it. ... ok
test_concurrent_enqueues_allocate_distinct_layers_with_no_overwrite (test_audit_enqueue.Concurrency.test_concurrent_enqueues_allocate_distinct_layers_with_no_overwrite) ... ok
test_empty_body_is_refused (test_audit_enqueue.Containment.test_empty_body_is_refused) ... ok
test_enqueue_never_touches_board_state_or_log (test_audit_enqueue.Containment.test_enqueue_never_touches_board_state_or_log) ... ok
test_existing_layer_is_never_overwritten (test_audit_enqueue.Containment.test_existing_layer_is_never_overwritten) ... ok
test_operation_id_must_be_path_safe (test_audit_enqueue.Containment.test_operation_id_must_be_path_safe) ... ok
test_producer_name_must_be_a_stable_token (test_audit_enqueue.Containment.test_producer_name_must_be_a_stable_token) ... ok
test_a_binding_for_other_bytes_is_not_proof_of_this_delivery (test_audit_enqueue.Idempotency.test_a_binding_for_other_bytes_is_not_proof_of_this_delivery) ... ok
test_a_layer_that_vanished_before_any_capture_is_not_called_delivered (test_audit_enqueue.Idempotency.test_a_layer_that_vanished_before_any_capture_is_not_called_delivered)
SRC-019:R5 -- absent bytes plus no binding is a LOSS, not a delivery. ... ok
test_a_refused_placement_frees_the_operation_but_never_the_id (test_audit_enqueue.Idempotency.test_a_refused_placement_frees_the_operation_but_never_the_id) ... ok
test_consumed_layer_does_not_get_re_placed_by_a_late_retry (test_audit_enqueue.Idempotency.test_consumed_layer_does_not_get_re_placed_by_a_late_retry) ... ok
test_crash_after_rename_before_commit_promotes_the_same_layer (test_audit_enqueue.Idempotency.test_crash_after_rename_before_commit_promotes_the_same_layer) ... ok
test_crash_after_reservation_before_placement_finishes_the_same_layer (test_audit_enqueue.Idempotency.test_crash_after_reservation_before_placement_finishes_the_same_layer) ... ok
test_retry_with_different_bytes_is_refused_not_silently_reallocated (test_audit_enqueue.Idempotency.test_retry_with_different_bytes_is_refused_not_silently_reallocated) ... ok
test_retry_with_same_operation_id_returns_the_original_allocation (test_audit_enqueue.Idempotency.test_retry_with_same_operation_id_returns_the_original_allocation) ... ok
test_two_producers_may_share_an_operation_id_without_colliding (test_audit_enqueue.Idempotency.test_two_producers_may_share_an_operation_id_without_colliding) ... ok
test_allocator_status_is_read_only_and_carries_no_body_text (test_audit_enqueue.NativeConsumption.test_allocator_status_is_read_only_and_carries_no_body_text) ... ok
test_native_inbox_discovers_an_api_created_layer_normally (test_audit_enqueue.NativeConsumption.test_native_inbox_discovers_an_api_created_layer_normally) ... ok
test_a_corrupt_allocator_refuses_and_writes_no_new_layer (test_audit_enqueue_boundary.AllocatorCorruptionTests.test_a_corrupt_allocator_refuses_and_writes_no_new_layer) ... ok
test_a_fresh_project_still_follows_the_initialization_path (test_audit_enqueue_boundary.AllocatorCorruptionTests.test_a_fresh_project_still_follows_the_initialization_path) ... ok
test_absent_and_corrupt_are_different_answers (test_audit_enqueue_boundary.AllocatorCorruptionTests.test_absent_and_corrupt_are_different_answers) ... ok
test_after_an_explicit_repair_a_new_operation_allocates_above_every_layer (test_audit_enqueue_boundary.AllocatorCorruptionTests.test_after_an_explicit_repair_a_new_operation_allocates_above_every_layer) ... ok
test_status_on_a_healthy_allocator_is_unchanged (test_audit_enqueue_boundary.AllocatorCorruptionTests.test_status_on_a_healthy_allocator_is_unchanged) ... ok
test_status_surfaces_corruption_instead_of_a_synthetic_empty_allocator (test_audit_enqueue_boundary.AllocatorCorruptionTests.test_status_surfaces_corruption_instead_of_a_synthetic_empty_allocator)
`operations: 0` while the file is unreadable reads as an idle queue. ... ok
test_the_exact_duplicate_dispatch_reproduction_is_closed (test_audit_enqueue_boundary.AllocatorCorruptionTests.test_the_exact_duplicate_dispatch_reproduction_is_closed)
Crash after placement + corruption + same-op retry => ONE layer. ... ok
test_a_canonical_target_that_is_a_link_is_refused_not_followed (test_audit_enqueue_boundary.CanonicalTargetTopologyTests.test_a_canonical_target_that_is_a_link_is_refused_not_followed) ... ok
test_a_large_body_is_written_whole (test_audit_enqueue_boundary.CanonicalTargetTopologyTests.test_a_large_body_is_written_whole)
A complete write, not one `os.write` whose count was ignored. ... ok
test_an_existing_layer_is_never_overwritten (test_audit_enqueue_boundary.CanonicalTargetTopologyTests.test_an_existing_layer_is_never_overwritten) ... ok
test_the_happy_path_writes_exact_bytes_and_leaves_no_residue (test_audit_enqueue_boundary.CanonicalTargetTopologyTests.test_the_happy_path_writes_exact_bytes_and_leaves_no_residue) ... ok
test_a_planted_temp_hardlink_cannot_reach_the_outside_file (test_audit_enqueue_boundary.PlantedTempNodeTests.test_a_planted_temp_hardlink_cannot_reach_the_outside_file) ... ok
test_a_planted_temp_symlink_cannot_reach_the_outside_file (test_audit_enqueue_boundary.PlantedTempNodeTests.test_a_planted_temp_symlink_cannot_reach_the_outside_file) ... ok
test_the_enqueue_still_succeeds_over_a_planted_node (test_audit_enqueue_boundary.PlantedTempNodeTests.test_the_enqueue_still_succeeds_over_a_planted_node)
The plant is not a denial of service either: the node is unused. ... ok
test_a_committed_record_whose_disk_bytes_moved_is_a_conflict (test_audit_enqueue_boundary.RetryPromotionTests.test_a_committed_record_whose_disk_bytes_moved_is_a_conflict) ... ok
test_a_linked_layer_is_not_read_as_a_placement (test_audit_enqueue_boundary.RetryPromotionTests.test_a_linked_layer_is_not_read_as_a_placement)
`is_file()` followed the link; the witness does not. ... ok
test_a_retry_over_partial_bytes_ends_with_the_reserved_body (test_audit_enqueue_boundary.RetryPromotionTests.test_a_retry_over_partial_bytes_ends_with_the_reserved_body) ... ok
test_an_absent_layer_reports_no_digest (test_audit_enqueue_boundary.RetryPromotionTests.test_an_absent_layer_reports_no_digest) ... ok
test_matching_bytes_report_the_digest_on_disk (test_audit_enqueue_boundary.RetryPromotionTests.test_matching_bytes_report_the_digest_on_disk) ... ok
test_partial_bytes_do_not_match_the_reserved_digest (test_audit_enqueue_boundary.RetryPromotionTests.test_partial_bytes_do_not_match_the_reserved_digest)
The exact W2-002 shape: 8 of 16 bytes landed. ... ok
test_an_envelope_below_prose_is_not_an_envelope (test_audit_envelope.Parsing.test_an_envelope_below_prose_is_not_an_envelope) ... ok
test_malformed_envelopes_downgrade_and_never_raise (test_audit_envelope.Parsing.test_malformed_envelopes_downgrade_and_never_raise) ... ok
test_parsing_is_pure_and_cannot_move_the_digest (test_audit_envelope.Parsing.test_parsing_is_pure_and_cannot_move_the_digest) ... ok
test_plain_markdown_has_no_envelope_and_is_not_an_error (test_audit_envelope.Parsing.test_plain_markdown_has_no_envelope_and_is_not_an_error) ... ok
test_producer_cannot_set_its_own_maintainer_verdict (test_audit_envelope.Parsing.test_producer_cannot_set_its_own_maintainer_verdict) ... ok
test_render_round_trips_the_known_fields (test_audit_envelope.Parsing.test_render_round_trips_the_known_fields) ... ok
test_unknown_keys_are_ignored_rather_than_rejected (test_audit_envelope.Parsing.test_unknown_keys_are_ignored_rather_than_rejected) ... ok
test_valid_envelope_is_parsed_into_fields (test_audit_envelope.Parsing.test_valid_envelope_is_parsed_into_fields) ... ok
test_a_malformed_envelope_still_produces_a_normal_workable_layer (test_audit_envelope.Transport.test_a_malformed_envelope_still_produces_a_normal_workable_layer) ... ok
test_the_digest_covers_the_envelope_bytes (test_audit_envelope.Transport.test_the_digest_covers_the_envelope_bytes) ... ok
test_a_persisted_unreadable_generation_refuses_instead_of_crashing (test_audit_inbox.CorruptBindingTests.test_a_persisted_unreadable_generation_refuses_instead_of_crashing) ... ok
test_a_write_never_launders_corrupt_bytes (test_audit_inbox.CorruptBindingTests.test_a_write_never_launders_corrupt_bytes) ... ok
test_an_absent_binding_is_still_an_empty_inbox (test_audit_inbox.CorruptBindingTests.test_an_absent_binding_is_still_an_empty_inbox) ... ok
test_an_obstructed_binding_path_is_corrupt_not_absent (test_audit_inbox.CorruptBindingTests.test_an_obstructed_binding_path_is_corrupt_not_absent) ... ok
test_an_undecodable_binding_is_reported_not_read_as_empty (test_audit_inbox.CorruptBindingTests.test_an_undecodable_binding_is_reported_not_read_as_empty) ... ok
test_status_and_routing_refuse_to_call_a_corrupt_inbox_idle (test_audit_inbox.CorruptBindingTests.test_status_and_routing_refuse_to_call_a_corrupt_inbox_idle) ... ok
test_the_delete_gate_and_the_trace_refuse_on_a_corrupt_binding (test_audit_inbox.CorruptBindingTests.test_the_delete_gate_and_the_trace_refuse_on_a_corrupt_binding) ... ok
test_the_producer_transport_fails_closed_on_a_corrupt_binding (test_audit_inbox.CorruptBindingTests.test_the_producer_transport_fails_closed_on_a_corrupt_binding) ... ok
test_absent_audit_directory_is_a_normal_no_op (test_audit_inbox.DiscoveryTests.test_absent_audit_directory_is_a_normal_no_op) ... ok
test_absolute_layer_path_is_refused (test_audit_inbox.DiscoveryTests.test_absolute_layer_path_is_refused) ... ok
test_empty_audit_directory_is_a_normal_no_op (test_audit_inbox.DiscoveryTests.test_empty_audit_directory_is_a_normal_no_op) ... ok
test_empty_layer_is_invalid_not_an_empty_capture (test_audit_inbox.DiscoveryTests.test_empty_layer_is_invalid_not_an_empty_capture) ... ok
test_gaps_are_normal (test_audit_inbox.DiscoveryTests.test_gaps_are_normal) ... ok
test_generation_identity_is_content_not_mtime (test_audit_inbox.DiscoveryTests.test_generation_identity_is_content_not_mtime) ... ok
test_invalid_utf8_is_never_captured_and_never_deleted (test_audit_inbox.DiscoveryTests.test_invalid_utf8_is_never_captured_and_never_deleted) ... ok
test_layers_sort_numerically_not_lexically (test_audit_inbox.DiscoveryTests.test_layers_sort_numerically_not_lexically) ... ok
test_nested_files_are_never_scanned (test_audit_inbox.DiscoveryTests.test_nested_files_are_never_scanned) ... ok
test_noncanonical_names_are_not_layers (test_audit_inbox.DiscoveryTests.test_noncanonical_names_are_not_layers) ... ok
test_oversized_layer_is_never_captured (test_audit_inbox.DiscoveryTests.test_oversized_layer_is_never_captured) ... ok
test_single_layer_is_discovered (test_audit_inbox.DiscoveryTests.test_single_layer_is_discovered) ... ok
test_symlinked_layer_is_refused_and_never_captured (test_audit_inbox.DiscoveryTests.test_symlinked_layer_is_refused_and_never_captured) ... ok
test_traversal_cannot_escape_the_project (test_audit_inbox.DiscoveryTests.test_traversal_cannot_escape_the_project) ... ok
test_an_invalid_lower_layer_does_not_starve_a_later_workable_layer (test_audit_inbox.InvalidLayerDoesNotStarveTests.test_an_invalid_lower_layer_does_not_starve_a_later_workable_layer) ... ok
test_any_difference_beyond_cr_lf_creates_a_new_source (test_audit_inbox.MigrationEquivalenceTests.test_any_difference_beyond_cr_lf_creates_a_new_source) ... ok
test_both_digests_are_recorded_and_the_receipt_digest_is_never_rewritten (test_audit_inbox.MigrationEquivalenceTests.test_both_digests_are_recorded_and_the_receipt_digest_is_never_rewritten) ... ok
test_crlf_layer_binds_to_an_otherwise_identical_lf_receipt (test_audit_inbox.MigrationEquivalenceTests.test_crlf_layer_binds_to_an_otherwise_identical_lf_receipt) ... ok
test_equivalence_never_generalizes_past_line_endings (test_audit_inbox.MigrationEquivalenceTests.test_equivalence_never_generalizes_past_line_endings) ... ok
test_two_eol_equivalent_candidates_refuse_to_guess (test_audit_inbox.MigrationEquivalenceTests.test_two_eol_equivalent_candidates_refuse_to_guess) ... ok
test_cli_audit_ingest_dry_run_writes_and_deletes_nothing (test_audit_inbox.ReadOnlySurfaceTests.test_cli_audit_ingest_dry_run_writes_and_deletes_nothing) ... ok
test_cli_next_projects_the_audit_carrier_without_mutating (test_audit_inbox.ReadOnlySurfaceTests.test_cli_next_projects_the_audit_carrier_without_mutating) ... ok
test_projection_writes_nothing (test_audit_inbox.ReadOnlySurfaceTests.test_projection_writes_nothing) ... ok
test_status_never_dumps_the_audit_body (test_audit_inbox.ReadOnlySurfaceTests.test_status_never_dumps_the_audit_body) ... ok
test_status_projection_writes_nothing (test_audit_inbox.ReadOnlySurfaceTests.test_status_projection_writes_nothing) ... ok
test_audit_is_a_registered_command (test_audit_inbox.RegistryContractTests.test_audit_is_a_registered_command) ... ok
test_registry_owns_the_closed_audit_inbox_facts (test_audit_inbox.RegistryContractTests.test_registry_owns_the_closed_audit_inbox_facts) ... ok
test_the_rule_has_exactly_one_human_owner (test_audit_inbox.RegistryContractTests.test_the_rule_has_exactly_one_human_owner) ... ok
test_a_canonical_layer_is_never_counted_as_residue (test_audit_inbox.ResidueTests.test_a_canonical_layer_is_never_counted_as_residue) ... ok
test_a_settled_inbox_with_residue_is_not_clean_and_not_idle (test_audit_inbox.ResidueTests.test_a_settled_inbox_with_residue_is_not_clean_and_not_idle) ... ok
test_an_absent_inbox_is_clean (test_audit_inbox.ResidueTests.test_an_absent_inbox_is_clean) ... ok
test_an_empty_inbox_is_clean (test_audit_inbox.ResidueTests.test_an_empty_inbox_is_clean) ... ok
test_an_invalid_layer_is_reported_once_as_a_layer_not_twice (test_audit_inbox.ResidueTests.test_an_invalid_layer_is_reported_once_as_a_layer_not_twice) ... ok
test_an_invalid_layer_outranks_residue_in_the_verdict (test_audit_inbox.ResidueTests.test_an_invalid_layer_outranks_residue_in_the_verdict) ... ok
test_consuming_the_last_layer_of_a_clean_inbox_reports_clean (test_audit_inbox.ResidueTests.test_consuming_the_last_layer_of_a_clean_inbox_reports_clean) ... ok
test_dot_prefixed_infrastructure_is_exempt (test_audit_inbox.ResidueTests.test_dot_prefixed_infrastructure_is_exempt) ... ok
test_noncanonical_names_are_residue (test_audit_inbox.ResidueTests.test_noncanonical_names_are_residue) ... ok
test_residue_never_starves_a_workable_layer (test_audit_inbox.ResidueTests.test_residue_never_starves_a_workable_layer) ... ok
test_the_nested_content_of_a_residue_directory_is_never_scanned (test_audit_inbox.ResidueTests.test_the_nested_content_of_a_residue_directory_is_never_scanned) ... ok
test_the_residue_projection_writes_nothing (test_audit_inbox.ResidueTests.test_the_residue_projection_writes_nothing) ... ok
test_the_residue_report_is_capped (test_audit_inbox.ResidueTests.test_the_residue_report_is_capped) ... ok
test_a_persisted_wait_still_outranks_the_audit_inbox (test_audit_inbox.RoutingTests.test_a_persisted_wait_still_outranks_the_audit_inbox) ... ok
test_a_residue_only_inbox_is_surfaced_instead_of_idle (test_audit_inbox.RoutingTests.test_a_residue_only_inbox_is_surfaced_instead_of_idle) ... ok
test_a_residue_only_inbox_never_outranks_real_workable_board_work (test_audit_inbox.RoutingTests.test_a_residue_only_inbox_never_outranks_real_workable_board_work) ... ok
test_a_workable_audit_outranks_ordinary_queued_todo (test_audit_inbox.RoutingTests.test_a_workable_audit_outranks_ordinary_queued_todo) ... ok
test_a_workable_audit_prevents_the_idle_maintain_verdict (test_audit_inbox.RoutingTests.test_a_workable_audit_prevents_the_idle_maintain_verdict) ... ok
test_active_build_work_is_never_preempted_by_a_new_audit (test_audit_inbox.RoutingTests.test_active_build_work_is_never_preempted_by_a_new_audit) ... ok
test_active_verify_continuation_is_never_preempted (test_audit_inbox.RoutingTests.test_active_verify_continuation_is_never_preempted) ... ok
test_an_audit_whose_work_is_blocked_falls_through_to_the_pick_rule (test_audit_inbox.RoutingTests.test_an_audit_whose_work_is_blocked_falls_through_to_the_pick_rule) ... ok
test_an_invalid_only_inbox_is_surfaced_instead_of_idle (test_audit_inbox.RoutingTests.test_an_invalid_only_inbox_is_surfaced_instead_of_idle) ... ok
test_an_invalid_only_inbox_never_outranks_real_workable_board_work (test_audit_inbox.RoutingTests.test_an_invalid_only_inbox_never_outranks_real_workable_board_work) ... ok
test_captured_audit_work_owns_continuation_by_ticket (test_audit_inbox.RoutingTests.test_captured_audit_work_owns_continuation_by_ticket) ... ok
test_no_audit_and_no_work_still_reaches_the_idle_maintain_route (test_audit_inbox.RoutingTests.test_no_audit_and_no_work_still_reaches_the_idle_maintain_route) ... ok
test_no_audit_leaves_the_ordinary_pick_rule_unchanged (test_audit_inbox.RoutingTests.test_no_audit_leaves_the_ordinary_pick_rule_unchanged) ... ok
test_recovery_conflict_outranks_the_audit_inbox (test_audit_inbox.RoutingTests.test_recovery_conflict_outranks_the_audit_inbox) ... ok
test_recovery_outranks_the_audit_inbox (test_audit_inbox.RoutingTests.test_recovery_outranks_the_audit_inbox) ... ok
test_residue_never_preempts_a_live_ticket (test_audit_inbox.RoutingTests.test_residue_never_preempts_a_live_ticket) ... ok
test_a_changed_same_path_file_becomes_a_new_workable_generation (test_audit_inbox.SafeDeleteTests.test_a_changed_same_path_file_becomes_a_new_workable_generation) ... ok
test_a_closed_unchanged_layer_is_deleted_and_nothing_else_is (test_audit_inbox.SafeDeleteTests.test_a_closed_unchanged_layer_is_deleted_and_nothing_else_is) ... ok
test_a_layer_absent_before_cleanup_settles_idempotently (test_audit_inbox.SafeDeleteTests.test_a_layer_absent_before_cleanup_settles_idempotently) ... ok
test_a_missing_transport_after_capture_never_loses_the_work (test_audit_inbox.SafeDeleteTests.test_a_missing_transport_after_capture_never_loses_the_work) ... ok
test_changed_bytes_are_never_deleted_as_cleanup_for_the_old_generation (test_audit_inbox.SafeDeleteTests.test_changed_bytes_are_never_deleted_as_cleanup_for_the_old_generation) ... ok
test_closure_evidence_survives_the_deleted_transport_file (test_audit_inbox.SafeDeleteTests.test_closure_evidence_survives_the_deleted_transport_file) ... ok
test_remaining_layers_are_never_renumbered (test_audit_inbox.SafeDeleteTests.test_remaining_layers_are_never_renumbered) ... ok
test_repeated_cleanup_after_a_successful_delete_is_idempotent (test_audit_inbox.SafeDeleteTests.test_repeated_cleanup_after_a_successful_delete_is_idempotent) ... ok
test_the_delete_is_journaled_before_the_destructive_effect (test_audit_inbox.SafeDeleteTests.test_the_delete_is_journaled_before_the_destructive_effect) ... ok
test_a_closed_duplicate_enters_cleanup_instead_of_reopening_work (test_audit_inbox.SourceIntegrationTests.test_a_closed_duplicate_enters_cleanup_instead_of_reopening_work) ... ok
test_a_fresh_layer_becomes_an_external_audit_receipt (test_audit_inbox.SourceIntegrationTests.test_a_fresh_layer_becomes_an_external_audit_receipt) ... ok
test_an_unresolved_receipt_can_never_pass_the_delete_gate (test_audit_inbox.SourceIntegrationTests.test_an_unresolved_receipt_can_never_pass_the_delete_gate) ... ok
test_command_looking_audit_text_is_data_and_is_never_executed (test_audit_inbox.SourceIntegrationTests.test_command_looking_audit_text_is_data_and_is_never_executed) ... ok
test_exact_byte_duplicate_reuses_the_active_receipt (test_audit_inbox.SourceIntegrationTests.test_exact_byte_duplicate_reuses_the_active_receipt) ... ok
test_linked_work_that_is_not_done_blocks_the_delete_gate (test_audit_inbox.SourceIntegrationTests.test_linked_work_that_is_not_done_blocks_the_delete_gate) ... ok
test_the_receipt_body_is_the_exact_audit_bytes (test_audit_inbox.SourceIntegrationTests.test_the_receipt_body_is_the_exact_audit_bytes) ... ok
test_a_clean_first_ingest_is_unchanged (test_audit_ingest_resume.IngestResumeTests.test_a_clean_first_ingest_is_unchanged)
Positive control: the resume path did not disturb the normal one. ... ok
test_a_ticket_that_only_mentions_the_receipt_in_prose_is_not_adopted (test_audit_ingest_resume.IngestResumeTests.test_a_ticket_that_only_mentions_the_receipt_in_prose_is_not_adopted)
The lookup is a field/token match; prose must never acquire linkage. ... ok
test_repeating_the_command_is_idempotent (test_audit_ingest_resume.IngestResumeTests.test_repeating_the_command_is_idempotent) ... ok
test_the_adopted_ticket_is_the_one_carrying_the_receipt_field (test_audit_ingest_resume.IngestResumeTests.test_the_adopted_ticket_is_the_one_carrying_the_receipt_field)
Machine-owned linkage, not a title-text guess. ... ok
test_the_crash_leaves_the_state_the_defect_describes (test_audit_ingest_resume.IngestResumeTests.test_the_crash_leaves_the_state_the_defect_describes)
Precondition control: without it the rest proves nothing. ... ok
test_the_retry_adopts_the_committed_ticket_and_makes_no_second_one (test_audit_ingest_resume.IngestResumeTests.test_the_retry_adopts_the_committed_ticket_and_makes_no_second_one) ... ok
test_the_retry_consumes_the_state_the_router_prescribes_it_for (test_audit_ingest_resume.IngestResumeTests.test_the_retry_consumes_the_state_the_router_prescribes_it_for) ... ok
test_the_structured_token_in_the_description_alone_adopts (test_audit_ingest_resume.IngestResumeTests.test_the_structured_token_in_the_description_alone_adopts)
The pre-linkage marker has to work on its own. ... ok
test_an_absent_audit_directory_renders_no_noise (test_audit_provenance.OperatorSurface.test_an_absent_audit_directory_renders_no_noise) ... ok
test_last_allocated_id_tracks_the_shared_allocator (test_audit_provenance.OperatorSurface.test_last_allocated_id_tracks_the_shared_allocator) ... ok
test_status_counts_do_not_carry_audit_body_text (test_audit_provenance.OperatorSurface.test_status_counts_do_not_carry_audit_body_text) ... ok
test_a_later_binding_cannot_rewrite_recorded_claims (test_audit_provenance.Provenance.test_a_later_binding_cannot_rewrite_recorded_claims) ... ok
test_a_malformed_envelope_is_recorded_as_malformed_not_dropped (test_audit_provenance.Provenance.test_a_malformed_envelope_is_recorded_as_malformed_not_dropped) ... ok
test_a_plain_layer_carries_no_provenance_rather_than_an_empty_one (test_audit_provenance.Provenance.test_a_plain_layer_carries_no_provenance_rather_than_an_empty_one) ... ok
test_producer_claims_are_captured_from_the_envelope (test_audit_provenance.Provenance.test_producer_claims_are_captured_from_the_envelope) ... ok
test_provenance_survives_the_consumed_file (test_audit_provenance.Provenance.test_provenance_survives_the_consumed_file) ... ok
test_the_trace_can_be_narrowed_to_one_layer (test_audit_provenance.Provenance.test_the_trace_can_be_narrowed_to_one_layer) ... ok
test_the_trace_carries_no_audit_body_text (test_audit_provenance.Provenance.test_the_trace_carries_no_audit_body_text) ... ok
test_the_trace_never_trusts_a_producer_verdict (test_audit_provenance.Provenance.test_the_trace_never_trusts_a_producer_verdict) ... ok
test_the_trace_writes_nothing (test_audit_provenance.Provenance.test_the_trace_writes_nothing) ... ok
test_a_residue_only_inbox_never_trips_the_check (test_audit_route.DiagnosticsDoNotTripTests.test_a_residue_only_inbox_never_trips_the_check) ... ok
test_a_workable_layer_does_apply (test_audit_route.DiagnosticsDoNotTripTests.test_a_workable_layer_does_apply) ... ok
test_an_absent_inbox_never_trips_the_check (test_audit_route.DiagnosticsDoNotTripTests.test_an_absent_inbox_never_trips_the_check) ... ok
test_an_invalid_only_inbox_never_trips_the_check (test_audit_route.DiagnosticsDoNotTripTests.test_an_invalid_only_inbox_never_trips_the_check) ... ok
test_a_continuation_naming_an_unclaimed_ticket_does_not_silence_it (test_audit_route.LiveTicketKeepsContinuationTests.test_a_continuation_naming_an_unclaimed_ticket_does_not_silence_it) ... ok
test_a_doing_ticket_alone_does_not_silence_the_check (test_audit_route.LiveTicketKeepsContinuationTests.test_a_doing_ticket_alone_does_not_silence_the_check) ... ok
test_a_live_phase_continuation_stays_quiet (test_audit_route.LiveTicketKeepsContinuationTests.test_a_live_phase_continuation_stays_quiet) ... ok
test_every_phase_name_counts_as_a_continuation (test_audit_route.LiveTicketKeepsContinuationTests.test_every_phase_name_counts_as_a_continuation) ... ok
test_live_continuation_returns_the_ticket_it_matched (test_audit_route.LiveTicketKeepsContinuationTests.test_live_continuation_returns_the_ticket_it_matched) ... ok
test_that_control_declares_both_files_its_condition_needs (test_audit_route.RedControlIsDeclaredTests.test_that_control_declares_both_files_its_condition_needs) ... ok
test_the_mutation_suite_carries_an_audit_route_control (test_audit_route.RedControlIsDeclaredTests.test_the_mutation_suite_carries_an_audit_route_control) ... ok
test_a_phase_route_is_matched_exactly (test_audit_route.UnfollowedRouteTests.test_a_phase_route_is_matched_exactly) ... ok
test_an_empty_next_action_goes_red_and_says_so (test_audit_route.UnfollowedRouteTests.test_an_empty_next_action_goes_red_and_says_so) ... ok
test_an_unrelated_next_action_goes_red (test_audit_route.UnfollowedRouteTests.test_an_unrelated_next_action_goes_red) ... ok
test_following_the_route_is_quiet (test_audit_route.UnfollowedRouteTests.test_following_the_route_is_quiet) ... ok
test_surrounding_whitespace_is_not_a_violation (test_audit_route.UnfollowedRouteTests.test_surrounding_whitespace_is_not_a_violation) ... ok
test_the_diagnostic_names_the_routed_action (test_audit_route.UnfollowedRouteTests.test_the_diagnostic_names_the_routed_action) ... ok
test_a_non_wait_violation_does_not_lecture_about_wait (test_audit_route.WaitHasNoScopeCategoryTests.test_a_non_wait_violation_does_not_lecture_about_wait) ... ok
test_a_scope_wait_goes_red (test_audit_route.WaitHasNoScopeCategoryTests.test_a_scope_wait_goes_red) ... ok
test_the_citation_is_skipped_when_no_category_set_is_supplied (test_audit_route.WaitHasNoScopeCategoryTests.test_the_citation_is_skipped_when_no_category_set_is_supplied) ... ok
test_the_diagnostic_cites_the_closed_set_as_the_reason (test_audit_route.WaitHasNoScopeCategoryTests.test_the_diagnostic_cites_the_closed_set_as_the_reason) ... ok
test_the_registry_wait_set_is_closed_and_has_no_scope_category (test_audit_route.WaitHasNoScopeCategoryTests.test_the_registry_wait_set_is_closed_and_has_no_scope_category) ... ok
test_ci_invokes_the_bare_full_sweep (test_audit_scope.GateBindingTests.test_ci_invokes_the_bare_full_sweep) ... ok
test_no_workflow_passes_the_scoping_flag (test_audit_scope.GateBindingTests.test_no_workflow_passes_the_scoping_flag) ... ok
test_ship_never_invokes_this_harness_at_all (test_audit_scope.GateBindingTests.test_ship_never_invokes_this_harness_at_all) ... ok
test_the_subset_needs_an_explicit_flag (test_audit_scope.GateBindingTests.test_the_subset_needs_an_explicit_flag) ... ok
test_every_declared_limitation_reaches_the_banner (test_audit_scope.NamedLimitationsTests.test_every_declared_limitation_reaches_the_banner) ... ok
test_the_always_on_probes_are_declared_as_still_running (test_audit_scope.NamedLimitationsTests.test_the_always_on_probes_are_declared_as_still_running) ... ok
test_the_banner_names_the_cross_reference_blind_spot (test_audit_scope.NamedLimitationsTests.test_the_banner_names_the_cross_reference_blind_spot) ... ok
test_the_banner_says_it_is_not_the_full_sweep (test_audit_scope.NamedLimitationsTests.test_the_banner_says_it_is_not_the_full_sweep) ... ok
test_a_scoped_failure_never_emits_the_full_sweep_sentence (test_audit_scope.NoTotalTests.test_a_scoped_failure_never_emits_the_full_sweep_sentence) ... ok
test_a_scoped_line_never_reads_as_n_of_the_whole_suite (test_audit_scope.NoTotalTests.test_a_scoped_line_never_reads_as_n_of_the_whole_suite) ... ok
test_a_scoped_run_always_names_what_it_did_not_run (test_audit_scope.NoTotalTests.test_a_scoped_run_always_names_what_it_did_not_run) ... ok
test_a_scoped_success_never_emits_the_full_sweep_sentence (test_audit_scope.NoTotalTests.test_a_scoped_success_never_emits_the_full_sweep_sentence) ... ok
test_every_scoped_line_is_marked_scoped (test_audit_scope.NoTotalTests.test_every_scoped_line_is_marked_scoped) ... ok
test_no_scoped_line_starts_with_pass (test_audit_scope.NoTotalTests.test_no_scoped_line_starts_with_pass) ... ok
test_the_full_sweep_still_owns_its_sentence (test_audit_scope.NoTotalTests.test_the_full_sweep_still_owns_its_sentence) ... ok
test_a_multi_mutation_is_selected_by_any_file_it_declares (test_audit_scope.SelectionTests.test_a_multi_mutation_is_selected_by_any_file_it_declares) ... ok
test_an_empty_changed_set_is_scoped_not_upgraded_to_full (test_audit_scope.SelectionTests.test_an_empty_changed_set_is_scoped_not_upgraded_to_full) ... ok
test_an_unrelated_path_selects_nothing (test_audit_scope.SelectionTests.test_an_unrelated_path_selects_nothing) ... ok
test_declared_paths_never_touch_the_disk (test_audit_scope.SelectionTests.test_declared_paths_never_touch_the_disk) ... ok
test_every_selected_case_declares_a_changed_path (test_audit_scope.SelectionTests.test_every_selected_case_declares_a_changed_path) ... ok
test_no_flag_means_the_full_sweep (test_audit_scope.SelectionTests.test_no_flag_means_the_full_sweep) ... ok
test_no_unselected_case_declares_a_changed_path (test_audit_scope.SelectionTests.test_no_unselected_case_declares_a_changed_path) ... ok
test_paths_are_additive (test_audit_scope.SelectionTests.test_paths_are_additive) ... ok
test_selection_is_a_strict_subset_of_the_suite (test_audit_scope.SelectionTests.test_selection_is_a_strict_subset_of_the_suite) ... ok
test_the_equals_form_is_accepted (test_audit_scope.SelectionTests.test_the_equals_form_is_accepted) ... ok
test_windows_separators_and_dot_slash_normalize (test_audit_scope.SelectionTests.test_windows_separators_and_dot_slash_normalize) ... ok
test_a_changed_generation_is_preserved_not_deleted (test_audit_transport_loop.Loop.test_a_changed_generation_is_preserved_not_deleted) ... ok
test_a_cold_restart_reconstructs_provenance_from_disk_alone (test_audit_transport_loop.Loop.test_a_cold_restart_reconstructs_provenance_from_disk_alone) ... ok
test_a_consumed_id_is_never_handed_out_again_after_restart (test_audit_transport_loop.Loop.test_a_consumed_id_is_never_handed_out_again_after_restart) ... ok
test_a_live_ticket_is_never_preempted_by_a_fresh_audit (test_audit_transport_loop.Loop.test_a_live_ticket_is_never_preempted_by_a_fresh_audit) ... ok
test_a_rejected_audit_still_reaches_a_terminal_transport_state (test_audit_transport_loop.Loop.test_a_rejected_audit_still_reaches_a_terminal_transport_state) ... ok
test_concurrent_producers_never_collide (test_audit_transport_loop.Loop.test_concurrent_producers_never_collide) ... ok
test_every_producer_shape_walks_discover_to_bound (test_audit_transport_loop.Loop.test_every_producer_shape_walks_discover_to_bound) ... ok
test_full_run_to_closure_sequence (test_automation_block.AcceptanceFixture.test_full_run_to_closure_sequence) ... ok
test_epoch_deterministic_and_drifts_with_transport (test_automation_block.AuditEpoch.test_epoch_deterministic_and_drifts_with_transport) ... ok
test_diverted_unknown_disposition_cannot_be_emitted (test_automation_block.ClosedVocabulary.test_diverted_unknown_disposition_cannot_be_emitted) ... ok
test_live_project_continues_with_cc (test_automation_block.ClosedVocabulary.test_live_project_continues_with_cc) ... ok
test_recovery_pending_is_agent_work_not_a_stop (test_automation_block.ClosedVocabulary.test_recovery_pending_is_agent_work_not_a_stop) ... ok
test_route_refusal_fails_closed (test_automation_block.ClosedVocabulary.test_route_refusal_fails_closed) ... ok
test_audit_quiescence_is_required (test_automation_block.ClosureGate.test_audit_quiescence_is_required) ... ok
test_binding_wait_vetoes_closure (test_automation_block.ClosureGate.test_binding_wait_vetoes_closure) ... ok
test_corrupted_route_evidence_is_invalid_fail_closed (test_automation_block.ClosureGate.test_corrupted_route_evidence_is_invalid_fail_closed) ... ok
test_done_phase_and_empty_board_alone_are_insufficient (test_automation_block.ClosureGate.test_done_phase_and_empty_board_alone_are_insufficient) ... ok
test_empty_physical_folder_with_unsettled_intake_is_not_complete (test_automation_block.ClosureGate.test_empty_physical_folder_with_unsettled_intake_is_not_complete) ... ok
test_full_closure_gate_yields_complete (test_automation_block.ClosureGate.test_full_closure_gate_yields_complete) ... ok
test_manual_semantics_unchanged_outside_rtc (test_automation_block.ClosureGate.test_manual_semantics_unchanged_outside_rtc) ... ok
test_no_convergence_evidence_vetoes_closure (test_automation_block.ClosureGate.test_no_convergence_evidence_vetoes_closure) ... ok
test_race_rule_consume_after_convergence_vetoes_closure (test_automation_block.ClosureGate.test_race_rule_consume_after_convergence_vetoes_closure) ... ok
test_race_rule_consume_before_convergence_allows_closure (test_automation_block.ClosureGate.test_race_rule_consume_before_convergence_allows_closure) ... ok
test_residue_vetoes_closure_although_dir_is_empty_of_layers (test_automation_block.ClosureGate.test_residue_vetoes_closure_although_dir_is_empty_of_layers) ... ok
test_same_epoch_and_source_give_stable_machine_output (test_automation_block.ClosureGate.test_same_epoch_and_source_give_stable_machine_output) ... ok
test_status_json_writes_zero_project_bytes (test_automation_block.ClosureGate.test_status_json_writes_zero_project_bytes) ... ok
test_workable_board_work_vetoes_closure (test_automation_block.ClosureGate.test_workable_board_work_vetoes_closure) ... ok
test_block_never_emits_cc_for_non_continue (test_automation_block.NextCommandLaw.test_block_never_emits_cc_for_non_continue) ... ok
test_only_continue_gets_cc (test_automation_block.NextCommandLaw.test_only_continue_gets_cc) ... ok
test_audit_residue_waits_for_the_operator (test_automation_block.WaitOwnership.test_audit_residue_waits_for_the_operator) ... ok
test_blocked_wait_is_a_stop (test_automation_block.WaitOwnership.test_blocked_wait_is_a_stop) ... ok
test_foreign_live_is_external (test_automation_block.WaitOwnership.test_foreign_live_is_external) ... ok
test_manual_verify_is_a_human_stop (test_automation_block.WaitOwnership.test_manual_verify_is_a_human_stop) ... ok
test_read_only_session_blocks (test_automation_block.WaitOwnership.test_read_only_session_blocks) ... ok
test_safety_valve_keeps_ordinary_cc_legal (test_automation_block.WaitOwnership.test_safety_valve_keeps_ordinary_cc_legal) ... ok
test_user_brake_is_a_human_stop (test_automation_block.WaitOwnership.test_user_brake_is_a_human_stop) ... ok
test_A_current_agent_producer_adoption (test_autonomy_audit_fixes.AutonomyAuditTests.test_A_current_agent_producer_adoption)
ROLE_NOT_RUN + execute_in_current_agent: true must be treated as ... ok
test_A_current_agent_sub_role_same_carrier (test_autonomy_audit_fixes.AutonomyAuditTests.test_A_current_agent_sub_role_same_carrier)
Sub roles (non-producer) must also carry the same routing fields. ... ok
test_B_no_dedicated_runner_agent_executes (test_autonomy_audit_fixes.AutonomyAuditTests.test_B_no_dedicated_runner_agent_executes)
ROLE_NOT_RUN with has_in_process_runner: false (or absent) and ... ok
test_C_not_ready_chain_translate (test_autonomy_audit_fixes.AutonomyAuditTests.test_C_not_ready_chain_translate) ... ok
test_C_not_ready_resume_after_chain (test_autonomy_audit_fixes.AutonomyAuditTests.test_C_not_ready_resume_after_chain)
NOT_READY from collect_and_ship_producer must carry ... ok
test_D_stale_producer_evidence_is_re_run (test_autonomy_audit_fixes.AutonomyAuditTests.test_D_stale_producer_evidence_is_re_run)
Stale READY evidence must route to production re-run via ... ok
test_E_resume_after_returns_to_crew (test_autonomy_audit_fixes.AutonomyAuditTests.test_E_resume_after_returns_to_crew)
ROLE_NOT_RUN's resume_after names the parent operation that ... ok
test_F_human_blocker_stops (test_autonomy_audit_fixes.AutonomyAuditTests.test_F_human_blocker_stops)
WAIT_USER_CONFIRMATION / requires_human: true must stop the agent ... ok
test_G_saipen_clean_never_sub_clean (test_autonomy_audit_fixes.AutonomyAuditTests.test_G_saipen_clean_never_sub_clean)
saipen clean must route to transition CLEAN, never to sub clean. ... ok
test_G_saipen_clean_unknown_command_refused (test_autonomy_audit_fixes.AutonomyAuditTests.test_G_saipen_clean_unknown_command_refused)
saipen clean with surplus args must refuse, never silently ... ok
test_H_destructive_substitute_refused (test_autonomy_audit_fixes.AutonomyAuditTests.test_H_destructive_substitute_refused)
A tempting substitute (sub clean for clean) must not be executed. ... ok
test_I_false_green_trap (test_autonomy_audit_fixes.AutonomyAuditTests.test_I_false_green_trap)
CREW_BLOCKED with terminal: false must not be reported as green. ... ok
test_J_repeated_continuation (test_autonomy_audit_fixes.AutonomyAuditTests.test_J_repeated_continuation)
After each locally resolvable intermediate carrier, the agent ... ok
test_a_mutating_command_under_an_invalid_declaration_writes_nothing (test_capability_boundary.CommandBoundaryTests.test_a_mutating_command_under_an_invalid_declaration_writes_nothing)
The acceptance measure: canonical bytes unchanged, recovery unchanged. ... ok
test_a_valid_declaration_still_reaches_the_command (test_capability_boundary.CommandBoundaryTests.test_a_valid_declaration_still_reaches_the_command)
Positive control: the boundary refuses the invalid, not everything. ... ok
test_an_absent_declaration_still_reaches_the_command (test_capability_boundary.CommandBoundaryTests.test_an_absent_declaration_still_reaches_the_command) ... ok
test_an_invalid_declaration_refuses_before_the_command_runs (test_capability_boundary.CommandBoundaryTests.test_an_invalid_declaration_refuses_before_the_command_runs) ... ok
test_an_absent_declaration_keeps_the_documented_default (test_capability_boundary.NegotiationTests.test_an_absent_declaration_keeps_the_documented_default) ... ok
test_an_empty_or_whitespace_declaration_is_an_absent_one (test_capability_boundary.NegotiationTests.test_an_empty_or_whitespace_declaration_is_an_absent_one)
A shell exporting the variable unset is not a host asking for anything. ... ok
test_an_invalid_declaration_is_never_laundered_into_full (test_capability_boundary.NegotiationTests.test_an_invalid_declaration_is_never_laundered_into_full) ... ok
test_case_and_surrounding_space_are_still_normalised (test_capability_boundary.NegotiationTests.test_case_and_surrounding_space_are_still_normalised) ... ok
test_each_valid_capability_negotiates_to_itself (test_capability_boundary.NegotiationTests.test_each_valid_capability_negotiates_to_itself) ... ok
test_the_refusal_names_the_value_and_the_closed_set (test_capability_boundary.NegotiationTests.test_the_refusal_names_the_value_and_the_closed_set) ... ok
test_ccc_is_ship_not_crew (test_ccc_ff_control.CccVsScTests.test_ccc_is_ship_not_crew) ... ok
test_controls_in_manifest (test_ccc_ff_control.CccVsScTests.test_controls_in_manifest) ... ok
test_ff_performance_zero_literal_still_brief (test_ccc_ff_control.CccVsScTests.test_ff_performance_zero_literal_still_brief) ... ok
test_both_failure_classes_have_a_case (test_check_inventory.CasePresenceTests.test_both_failure_classes_have_a_case) ... ok
test_the_card_target_selects_exactly_these_controls (test_check_inventory.CasePresenceTests.test_the_card_target_selects_exactly_these_controls) ... ok
test_the_mutated_card_is_a_real_tracked_file (test_check_inventory.CasePresenceTests.test_the_mutated_card_is_a_real_tracked_file) ... ok
test_the_sweep_total_counts_them (test_check_inventory.CasePresenceTests.test_the_sweep_total_counts_them) ... ok
test_the_two_cases_are_not_one_condition_twice (test_check_inventory.CasePresenceTests.test_the_two_cases_are_not_one_condition_twice) ... ok
test_a_removed_fail_site_is_detected_too (test_check_inventory.CheckInventoryTripwireTests.test_a_removed_fail_site_is_detected_too) ... ok
test_an_added_fail_site_is_detected (test_check_inventory.CheckInventoryTripwireTests.test_an_added_fail_site_is_detected) ... ok
test_an_unparsable_validator_is_reported_not_counted (test_check_inventory.CheckInventoryTripwireTests.test_an_unparsable_validator_is_reported_not_counted) ... ok
test_the_bound_is_stated_rather_than_trusted (test_check_inventory.CheckInventoryTripwireTests.test_the_bound_is_stated_rather_than_trusted) ... ok
test_the_failure_names_the_remedy (test_check_inventory.CheckInventoryTripwireTests.test_the_failure_names_the_remedy) ... ok
test_the_named_blind_spot_is_the_real_one (test_check_inventory.CheckInventoryTripwireTests.test_the_named_blind_spot_is_the_real_one) ... ok
test_the_probe_leaves_no_directory_behind (test_check_inventory.CheckInventoryTripwireTests.test_the_probe_leaves_no_directory_behind) ... ok
test_the_probe_passes_on_the_real_repository (test_check_inventory.CheckInventoryTripwireTests.test_the_probe_passes_on_the_real_repository) ... ok
test_the_recorded_count_matches_the_live_validator (test_check_inventory.CheckInventoryTripwireTests.test_the_recorded_count_matches_the_live_validator) ... ok
test_each_mutation_goes_red_then_green_again (test_check_inventory.MutationEfficacyTests.test_each_mutation_goes_red_then_green_again) ... ok
test_neither_expected_string_is_printed_by_the_clean_fixture (test_check_inventory.MutationEfficacyTests.test_neither_expected_string_is_printed_by_the_clean_fixture) ... ok
test_the_fixture_starts_green (test_check_inventory.MutationEfficacyTests.test_the_fixture_starts_green) ... ok
test_the_stale_mutation_does_not_rely_on_prose_wording (test_check_inventory.MutationEfficacyTests.test_the_stale_mutation_does_not_rely_on_prose_wording) ... ok
test_all_seven_twins_resolve_to_canonical_latin_rows (test_command_routing.CliShortcutRoutingTests.test_all_seven_twins_resolve_to_canonical_latin_rows) ... ok
test_ccc_resolves_to_ccc_never_sss (test_command_routing.CliShortcutRoutingTests.test_ccc_resolves_to_ccc_never_sss) ... ok
test_cli_and_resolver_cannot_disagree (test_command_routing.CliShortcutRoutingTests.test_cli_and_resolver_cannot_disagree)
Agreement property: whatever the resolver declares, the CLI routes ... ok
test_cli_cc_dispatches_as_continue_dry_run (test_command_routing.CliShortcutRoutingTests.test_cli_cc_dispatches_as_continue_dry_run) ... ok
test_cli_ccc_refuses_closed_and_never_becomes_status_or_stop (test_command_routing.CliShortcutRoutingTests.test_cli_ccc_refuses_closed_and_never_becomes_status_or_stop) ... ok
test_cli_declared_shortcut_never_answers_unknown_command (test_command_routing.CliShortcutRoutingTests.test_cli_declared_shortcut_never_answers_unknown_command) ... ok
test_cli_holds_no_private_confusable_map_or_twin_table (test_command_routing.CliShortcutRoutingTests.test_cli_holds_no_private_confusable_map_or_twin_table) ... ok
test_cli_ss_refuses_naming_stop_and_differs_from_cc (test_command_routing.CliShortcutRoutingTests.test_cli_ss_refuses_naming_stop_and_differs_from_cc) ... ok
test_cli_sss_is_real_status_surface (test_command_routing.CliShortcutRoutingTests.test_cli_sss_is_real_status_surface) ... ok
test_cli_st_is_stop_and_matches_saipen_stop (test_command_routing.CliShortcutRoutingTests.test_cli_st_is_stop_and_matches_saipen_stop) ... ok
test_cli_twin_pairs_enter_identical_code_paths (test_command_routing.CliShortcutRoutingTests.test_cli_twin_pairs_enter_identical_code_paths)
Every Cyrillic twin dispatches byte-identically to its Latin row. ... ok
test_derived_twins_match_declared_twins (test_command_routing.CliShortcutRoutingTests.test_derived_twins_match_declared_twins) ... ok
test_helper_cc_is_continue_never_stop (test_command_routing.CliShortcutRoutingTests.test_helper_cc_is_continue_never_stop) ... ok
test_no_cyrillic_input_can_ever_fold_to_ss_or_sss (test_command_routing.CliShortcutRoutingTests.test_no_cyrillic_input_can_ever_fold_to_ss_or_sss) ... ok
test_route_echo_is_scoped_to_one_in_process_invocation (test_command_routing.CliShortcutRoutingTests.test_route_echo_is_scoped_to_one_in_process_invocation) ... ok
test_twin_inside_compound_command_resolves (test_command_routing.CliShortcutRoutingTests.test_twin_inside_compound_command_resolves) ... ok
test_undeclared_lookalikes_fail_closed_in_resolver (test_command_routing.CliShortcutRoutingTests.test_undeclared_lookalikes_fail_closed_in_resolver) ... ok
test_already_satisfied_terminology (test_command_routing.CommandRoutingTests.test_already_satisfied_terminology) ... ok
test_bare_sc_shortcut_resolves (test_command_routing.CommandRoutingTests.test_bare_sc_shortcut_resolves) ... ok
test_bare_shortcuts_from_live_table (test_command_routing.CommandRoutingTests.test_bare_shortcuts_from_live_table) ... ok
test_boot_declares_compound_first (test_command_routing.CommandRoutingTests.test_boot_declares_compound_first) ... ok
test_chain_continue_when_independent (test_command_routing.CommandRoutingTests.test_chain_continue_when_independent) ... ok
test_chain_not_run_after_blocked (test_command_routing.CommandRoutingTests.test_chain_not_run_after_blocked) ... ok
test_chain_stop_on_failure_default (test_command_routing.CommandRoutingTests.test_chain_stop_on_failure_default) ... ok
test_compound_newline_separated (test_command_routing.CommandRoutingTests.test_compound_newline_separated) ... ok
test_compound_shortcut_inside (test_command_routing.CommandRoutingTests.test_compound_shortcut_inside) ... ok
test_compound_two_segments (test_command_routing.CommandRoutingTests.test_compound_two_segments) ... ok
test_control_shortcut_payload_is_opaque_inside_compound (test_command_routing.CommandRoutingTests.test_control_shortcut_payload_is_opaque_inside_compound) ... ok
test_control_shortcuts_require_whole_first_token (test_command_routing.CommandRoutingTests.test_control_shortcuts_require_whole_first_token) ... ok
test_cut_confirmation_blocks_later_mutator_by_chain_policy (test_command_routing.CommandRoutingTests.test_cut_confirmation_blocks_later_mutator_by_chain_policy) ... ok
test_cyrillic_twin_shortcut (test_command_routing.CommandRoutingTests.test_cyrillic_twin_shortcut) ... ok
test_injectors_declare_shortcut_gate (test_command_routing.CommandRoutingTests.test_injectors_declare_shortcut_gate) ... ok
test_leading_shortcut_payload_routing (test_command_routing.CommandRoutingTests.test_leading_shortcut_payload_routing) ... ok
test_multiple_shortcuts (test_command_routing.CommandRoutingTests.test_multiple_shortcuts) ... ok
test_normal_mode_not_shortcut (test_command_routing.CommandRoutingTests.test_normal_mode_not_shortcut) ... ok
test_registry_owns_compound_and_truthfulness (test_command_routing.CommandRoutingTests.test_registry_owns_compound_and_truthfulness) ... ok
test_sc_not_stop_caveman (test_command_routing.CommandRoutingTests.test_sc_not_stop_caveman) ... ok
test_shortcut_nested_in_compound (test_command_routing.CommandRoutingTests.test_shortcut_nested_in_compound) ... ok
test_unknown_token_in_compound (test_command_routing.CommandRoutingTests.test_unknown_token_in_compound) ... ok
test_unknown_token_not_shortcut (test_command_routing.CommandRoutingTests.test_unknown_token_not_shortcut) ... ok
test_bare_continue_cc_are_identical_canonical_path (test_command_routing.CommandSemanticsTests.test_bare_continue_cc_are_identical_canonical_path)
The three forms hit the SAME deterministic continue handler and the ... ok
test_bare_continue_cc_identical_on_tripped_goal_valve (test_command_routing.CommandSemanticsTests.test_bare_continue_cc_identical_on_tripped_goal_valve)
Even under a tripped goal valve the three forms route to the same ... ok
test_cc_never_creates_or_pivots_a_goal (test_command_routing.CommandSemanticsTests.test_cc_never_creates_or_pivots_a_goal) ... ok
test_cc_resumes_crew_target_not_normal_convergence (test_command_routing.CommandSemanticsTests.test_cc_resumes_crew_target_not_normal_convergence) ... ok
test_cc_resumes_existing_goal_preserving_objective (test_command_routing.CommandSemanticsTests.test_cc_resumes_existing_goal_preserving_objective) ... ok
test_empty_board_bare_and_cc_behave_identically (test_command_routing.CommandSemanticsTests.test_empty_board_bare_and_cc_behave_identically) ... ok
test_gg_bare_is_usage_line_never_resume (test_command_routing.CommandSemanticsTests.test_gg_bare_is_usage_line_never_resume) ... ok
test_gg_new_goal_is_create_pivot_not_resume (test_command_routing.CommandSemanticsTests.test_gg_new_goal_is_create_pivot_not_resume) ... ok
test_normal_cc_enters_converge_never_implicit_add (test_command_routing.CommandSemanticsTests.test_normal_cc_enters_converge_never_implicit_add) ... ok
test_sc_is_crew_workflow_distinct_from_cc (test_command_routing.CommandSemanticsTests.test_sc_is_crew_workflow_distinct_from_cc) ... ok
test_tripped_goal_valve_cc_reauthorizes_keeps_objective (test_command_routing.CommandSemanticsTests.test_tripped_goal_valve_cc_reauthorizes_keeps_objective) ... ok
test_cyrillic_cc_stays_continue_never_stop_or_retired (test_command_routing.RetiredShortcutMigrationTests.test_cyrillic_cc_stays_continue_never_stop_or_retired) ... ok
test_instrumented_red_control_ss_to_stop_fails_the_instrument (test_command_routing.RetiredShortcutMigrationTests.test_instrumented_red_control_ss_to_stop_fails_the_instrument) ... ok
test_instrumented_ss_reaches_neither_stop_nor_status_implementation (test_command_routing.RetiredShortcutMigrationTests.test_instrumented_ss_reaches_neither_stop_nor_status_implementation) ... ok
test_mutation_difference_sss_ss_zero_st_checkpoints (test_command_routing.RetiredShortcutMigrationTests.test_mutation_difference_sss_ss_zero_st_checkpoints) ... ok
test_red_control_reintroduced_ss_or_sss_to_stop_fails (test_command_routing.RetiredShortcutMigrationTests.test_red_control_reintroduced_ss_or_sss_to_stop_fails) ... ok
test_registry_holds_st_not_ss (test_command_routing.RetiredShortcutMigrationTests.test_registry_holds_st_not_ss) ... ok
test_retired_ss_is_zero_mutation_refusal (test_command_routing.RetiredShortcutMigrationTests.test_retired_ss_is_zero_mutation_refusal) ... ok
test_sss_surplus_retains_refusal (test_command_routing.RetiredShortcutMigrationTests.test_sss_surplus_retains_refusal) ... ok
test_st_surplus_is_refused_like_stop_surplus (test_command_routing.RetiredShortcutMigrationTests.test_st_surplus_is_refused_like_stop_surplus) ... ok
test_stop_and_status_shortcuts_are_not_repeated_letter_siblings (test_command_routing.RetiredShortcutMigrationTests.test_stop_and_status_shortcuts_are_not_repeated_letter_siblings) ... ok
test_discovery_is_green_beside_a_running_gate (test_concurrency_independence.ConcurrentDiscoveryIsGreen.test_discovery_is_green_beside_a_running_gate) ... skipped 'set SAIPEN_CONCURRENCY_SOAK=1 to run the soak leg'
test_audit_parity_writes_nothing_in_the_live_tree_but_the_cache (test_concurrency_independence.ConcurrentGateWritesAreBounded.test_audit_parity_writes_nothing_in_the_live_tree_but_the_cache)
The state half of the reproduction, asserted from the source. ... ok
test_control_skips_the_process_local_runtime_cache (test_concurrency_independence.LiveTreeControlNamesWhatMoved.test_control_skips_the_process_local_runtime_cache) ... ok
test_control_snapshots_per_path_instead_of_one_opaque_hash (test_concurrency_independence.LiveTreeControlNamesWhatMoved.test_control_snapshots_per_path_instead_of_one_opaque_hash) ... ok
test_delta_names_added_removed_and_changed_paths (test_concurrency_independence.LiveTreeControlNamesWhatMoved.test_delta_names_added_removed_and_changed_paths) ... ok
test_no_test_module_races_a_concurrent_gate_on_a_constant_timeout (test_concurrency_independence.NoAbsoluteLatencyBudgets.test_no_test_module_races_a_concurrent_gate_on_a_constant_timeout) ... ok
test_the_cost_helper_returns_a_positive_floor (test_concurrency_independence.NoAbsoluteLatencyBudgets.test_the_cost_helper_returns_a_positive_floor) ... ok
test_the_detector_fires_on_a_tight_timeout_and_spares_a_hang_guard (test_concurrency_independence.NoAbsoluteLatencyBudgets.test_the_detector_fires_on_a_tight_timeout_and_spares_a_hang_guard)
The guard is only evidence if it goes red on its own condition. ... ok
test_the_liveness_latency_control_prices_the_host_first (test_concurrency_independence.NoAbsoluteLatencyBudgets.test_the_liveness_latency_control_prices_the_host_first) ... ok
test_corpus_is_complete_and_generated_view_is_current (test_conformance_corpus.ConformanceCorpusTests.test_corpus_is_complete_and_generated_view_is_current) ... ok
test_rule_ids_and_history_refs_are_separate (test_conformance_corpus.ConformanceCorpusTests.test_rule_ids_and_history_refs_are_separate) ... ok
test_the_repository_journal_projects_without_a_hand_written_line (test_conformance_projection.LiveProjectionTests.test_the_repository_journal_projects_without_a_hand_written_line)
The real LOG must yield a decidable gate, which is the whole point. ... ok
test_a_failure_claim_never_becomes_the_reported_pass (test_conformance_projection.SelectorTests.test_a_failure_claim_never_becomes_the_reported_pass) ... ok
test_newest_decidable_record_wins (test_conformance_projection.SelectorTests.test_newest_decidable_record_wins) ... ok
test_no_validator_record_at_all_is_none (test_conformance_projection.SelectorTests.test_no_validator_record_at_all_is_none) ... ok
test_non_run_taxonomy_is_ignored (test_conformance_projection.SelectorTests.test_non_run_taxonomy_is_ignored) ... ok
test_nothing_decidable_reports_unknown_dated_by_the_newest_mention (test_conformance_projection.SelectorTests.test_nothing_decidable_reports_unknown_dated_by_the_newest_mention) ... ok
test_prose_about_the_validator_does_not_shadow_a_real_run (test_conformance_projection.SelectorTests.test_prose_about_the_validator_does_not_shadow_a_real_run)
The live defect: a checkpoint discussing validate.py:3871 hid the gate. ... ok
test_bare_token_still_passes (test_conformance_projection.TerminalResultTests.test_bare_token_still_passes) ... ok
test_bypass_is_unknown (test_conformance_projection.TerminalResultTests.test_bypass_is_unknown) ... ok
test_evidence_after_the_token_still_passes (test_conformance_projection.TerminalResultTests.test_evidence_after_the_token_still_passes) ... ok
test_fail_token_reads_fail (test_conformance_projection.TerminalResultTests.test_fail_token_reads_fail) ... ok
test_mixed_failure_prose_is_unknown_not_pass (test_conformance_projection.TerminalResultTests.test_mixed_failure_prose_is_unknown_not_pass)
A record that claims a pass and names a failure has not proven a pass. ... ok
test_no_token_at_all_is_unknown (test_conformance_projection.TerminalResultTests.test_no_token_at_all_is_unknown) ... ok
test_not_pass_is_unknown (test_conformance_projection.TerminalResultTests.test_not_pass_is_unknown) ... ok
test_passing_is_unknown (test_conformance_projection.TerminalResultTests.test_passing_is_unknown) ... ok
test_portable_floor_record_passes (test_conformance_projection.TerminalResultTests.test_portable_floor_record_passes) ... ok
test_result_before_the_arrow_is_not_a_token (test_conformance_projection.TerminalResultTests.test_result_before_the_arrow_is_not_a_token) ... ok
test_zero_counts_in_the_evidence_are_not_a_failure_claim (test_conformance_projection.TerminalResultTests.test_zero_counts_in_the_evidence_are_not_a_failure_claim)
`0 FAIL` is a count, not a claim -- the distinction the gate lives on. ... ok
test_active_work_outranks_improvement (test_continue_improve_fallthrough.ContinueImproveFallthroughTests.test_active_work_outranks_improvement) ... ok
test_ambiguous_improve_is_refusal_not_idle (test_continue_improve_fallthrough.ContinueImproveFallthroughTests.test_ambiguous_improve_is_refusal_not_idle) ... ok
test_anti_loop_at_most_one_fallback_per_invocation (test_continue_improve_fallthrough.ContinueImproveFallthroughTests.test_anti_loop_at_most_one_fallback_per_invocation) ... ok
test_blocked_ticket_does_not_unblock_or_fall_through (test_continue_improve_fallthrough.ContinueImproveFallthroughTests.test_blocked_ticket_does_not_unblock_or_fall_through) ... ok
test_discovered_work_proceeds_through_normal_lifecycle (test_continue_improve_fallthrough.ContinueImproveFallthroughTests.test_discovered_work_proceeds_through_normal_lifecycle) ... ok
test_empty_queue_trigger_is_not_entered_with_dry_run (test_continue_improve_fallthrough.ContinueImproveFallthroughTests.test_empty_queue_trigger_is_not_entered_with_dry_run) ... ok
test_empty_queue_triggers_improve (test_continue_improve_fallthrough.ContinueImproveFallthroughTests.test_empty_queue_triggers_improve) ... ok
test_fallback_payload_contains_no_transition_narration (test_continue_improve_fallthrough.ContinueImproveFallthroughTests.test_fallback_payload_contains_no_transition_narration) ... ok
test_queued_work_outranks_improvement (test_continue_improve_fallthrough.ContinueImproveFallthroughTests.test_queued_work_outranks_improvement) ... ok
test_recovery_rule_not_weakened (test_continue_improve_fallthrough.ContinueImproveFallthroughTests.test_recovery_rule_not_weakened) ... ok
test_verify_review_follow_up_outranks_improvement (test_continue_improve_fallthrough.ContinueImproveFallthroughTests.test_verify_review_follow_up_outranks_improvement) ... ok
test_active_work_is_not_laundered_through_illegal_dfa_edge (test_control_primitives.BuildAndCutTests.test_active_work_is_not_laundered_through_illegal_dfa_edge) ... ok
test_build_starts_at_scout_and_preserves_goal (test_control_primitives.BuildAndCutTests.test_build_starts_at_scout_and_preserves_goal) ... ok
test_confirmed_cut_creates_anchor_before_normal_work (test_control_primitives.BuildAndCutTests.test_confirmed_cut_creates_anchor_before_normal_work) ... ok
test_control_mutation_cannot_handover_foreign_open_attempt (test_control_primitives.BuildAndCutTests.test_control_mutation_cannot_handover_foreign_open_attempt) ... ok
test_cut_anchor_resume_refuses_changed_source (test_control_primitives.BuildAndCutTests.test_cut_anchor_resume_refuses_changed_source) ... ok
test_cut_id_authenticates_exact_impact_plan (test_control_primitives.BuildAndCutTests.test_cut_id_authenticates_exact_impact_plan) ... ok
test_cut_preview_is_stable_zero_write_and_stales (test_control_primitives.BuildAndCutTests.test_cut_preview_is_stable_zero_write_and_stales) ... ok
test_cut_retry_after_anchor_is_idempotent (test_control_primitives.BuildAndCutTests.test_cut_retry_after_anchor_is_idempotent) ... ok
test_empty_build_and_preview_confirm_errors_write_nothing (test_control_primitives.BuildAndCutTests.test_empty_build_and_preview_confirm_errors_write_nothing) ... ok
test_in_place_cold_adoption_preserves_active_phase (test_control_primitives.BuildAndCutTests.test_in_place_cold_adoption_preserves_active_phase) ... ok
test_public_cli_cut_confirmation_transports_exact_plan (test_control_primitives.BuildAndCutTests.test_public_cli_cut_confirmation_transports_exact_plan) ... ok
test_aliases_route_and_payload_clean_is_opaque (test_control_primitives.CliClassifierTests.test_aliases_route_and_payload_clean_is_opaque) ... ok
test_mutation_classifier (test_control_primitives.CliClassifierTests.test_mutation_classifier) ... ok
test_absent_concept_and_git_unavailable_are_truthful (test_control_primitives.FocusTests.test_absent_concept_and_git_unavailable_are_truthful) ... ok
test_bare_active_and_expression_are_zero_write (test_control_primitives.FocusTests.test_bare_active_and_expression_are_zero_write) ... ok
test_focus_does_not_follow_external_symlink (test_control_primitives.FocusTests.test_focus_does_not_follow_external_symlink) ... ok
test_focus_build_focus_cut_cancel_then_cold_undo (test_control_primitives.IntegratedAcceptanceTests.test_focus_build_focus_cut_cancel_then_cold_undo) ... ok
test_blob_dedup_status_is_metadata_only_and_git_index_untouched (test_control_primitives.MilestoneUndoTests.test_blob_dedup_status_is_metadata_only_and_git_index_untouched) ... warning: in the working copy of '.saipen/IDENTITY.md', LF will be replaced by CRLF the next time Git touches it
warning: in the working copy of '.saipen/recovery/settled/.receipt-index.json', LF will be replaced by CRLF the next time Git touches it
warning: in the working copy of '.saipen/recovery/settled/op-migrate-lineage/operation.json', LF will be replaced by CRLF the next time Git touches it
ok
test_corrupt_payload_and_path_escape_refuse (test_control_primitives.MilestoneUndoTests.test_corrupt_payload_and_path_escape_refuse) ... ok
test_crashed_milestone_is_not_selectable_and_recovers (test_control_primitives.MilestoneUndoTests.test_crashed_milestone_is_not_selectable_and_recovers) ... ok
test_crashed_restore_recovers_exact_delete_and_log (test_control_primitives.MilestoneUndoTests.test_crashed_restore_recovers_exact_delete_and_log) ... ok
test_crlf_payload_survives_git_clone_byte_exact (test_control_primitives.MilestoneUndoTests.test_crlf_payload_survives_git_clone_byte_exact) ... warning: in the working copy of '.saipen/IDENTITY.md', LF will be replaced by CRLF the next time Git touches it
warning: in the working copy of '.saipen/recovery/settled/.receipt-index.json', LF will be replaced by CRLF the next time Git touches it
warning: in the working copy of '.saipen/recovery/settled/op-migrate-lineage/operation.json', LF will be replaced by CRLF the next time Git touches it
warning: in the working copy of '.saipen/IDENTITY.md', LF will be replaced by CRLF the next time Git touches it
warning: in the working copy of '.saipen/recovery/settled/.receipt-index.json', LF will be replaced by CRLF the next time Git touches it
warning: in the working copy of '.saipen/recovery/settled/op-migrate-lineage/operation.json', LF will be replaced by CRLF the next time Git touches it
warning: in the working copy of '.saipen/milestones/CP-001/manifest.json', LF will be replaced by CRLF the next time Git touches it
warning: in the working copy of '.saipen/milestones/current.json', LF will be replaced by CRLF the next time Git touches it
warning: in the working copy of '.saipen/recovery/settled/milestone-244b3e344e7cb512/operation.json', LF will be replaced by CRLF the next time Git touches it
ok
test_deleted_and_new_files_restore (test_control_primitives.MilestoneUndoTests.test_deleted_and_new_files_restore) ... ok
test_exact_binary_restore_append_only_and_branch_sequence (test_control_primitives.MilestoneUndoTests.test_exact_binary_restore_append_only_and_branch_sequence) ... ok
test_first_baseline_can_capture_sparse_git_parent_without_touching_index (test_control_primitives.MilestoneUndoTests.test_first_baseline_can_capture_sparse_git_parent_without_touching_index) ... warning: in the working copy of '.saipen/IDENTITY.md', LF will be replaced by CRLF the next time Git touches it
warning: in the working copy of '.saipen/recovery/settled/.receipt-index.json', LF will be replaced by CRLF the next time Git touches it
warning: in the working copy of '.saipen/recovery/settled/op-migrate-lineage/operation.json', LF will be replaced by CRLF the next time Git touches it
ok
test_foreign_overlap_refuses_without_touching_bytes (test_control_primitives.MilestoneUndoTests.test_foreign_overlap_refuses_without_touching_bytes) ... ok
test_milestone_identity_survives_project_move (test_control_primitives.MilestoneUndoTests.test_milestone_identity_survives_project_move) ... ok
test_milestone_plan_refuses_scope_race (test_control_primitives.MilestoneUndoTests.test_milestone_plan_refuses_scope_race) ... ok
test_no_milestones_and_missing_reason_are_read_only (test_control_primitives.MilestoneUndoTests.test_no_milestones_and_missing_reason_are_read_only) ... ok
test_published_dirty_work_creates_forward_revert (test_control_primitives.MilestoneUndoTests.test_published_dirty_work_creates_forward_revert) ... ok
test_published_milestone_creates_forward_work_not_git_rewrite (test_control_primitives.MilestoneUndoTests.test_published_milestone_creates_forward_work_not_git_rewrite) ... ok
test_reviewed_dirty_work_returns_to_current_milestone (test_control_primitives.MilestoneUndoTests.test_reviewed_dirty_work_returns_to_current_milestone) ... ok
test_symlink_escape_and_external_effect_refuse (test_control_primitives.MilestoneUndoTests.test_symlink_escape_and_external_effect_refuse) ... ok
test_unicode_bom_crlf_and_parent_cycle (test_control_primitives.MilestoneUndoTests.test_unicode_bom_crlf_and_parent_cycle) ... ok
test_clear_refuses_symlinked_cache_dir (test_core_audit_containment.CacheDirSymlinkTests.test_clear_refuses_symlinked_cache_dir) ... ok
test_record_actionable_refuses_symlinked_cache_dir (test_core_audit_containment.CacheDirSymlinkTests.test_record_actionable_refuses_symlinked_cache_dir) ... ok
test_clear_does_not_delete_final_symlink_target (test_core_audit_containment.FinalFileSymlinkTests.test_clear_does_not_delete_final_symlink_target) ... ok
test_record_actionable_does_not_follow_final_symlink (test_core_audit_containment.FinalFileSymlinkTests.test_record_actionable_does_not_follow_final_symlink) ... ok
test_normal_in_project_cache (test_core_audit_containment.NormalCacheTests.test_normal_in_project_cache) ... ok
test_a_stylesheet_is_found_by_extension (test_crew_applicability.CollectFactsTests.test_a_stylesheet_is_found_by_extension) ... ok
test_a_tk_application_is_found_by_import (test_crew_applicability.CollectFactsTests.test_a_tk_application_is_found_by_import) ... ok
test_a_tree_with_no_visual_file_reports_none (test_crew_applicability.CollectFactsTests.test_a_tree_with_no_visual_file_reports_none) ... ok
test_saipen_memory_never_counts_as_the_project_gaining_a_ui (test_crew_applicability.CollectFactsTests.test_saipen_memory_never_counts_as_the_project_gaining_a_ui)
A producer's staged page under `.saipen/` is not a project surface. ... ok
test_this_repository_has_no_visual_surface (test_crew_applicability.CollectFactsTests.test_this_repository_has_no_visual_surface) ... ok
test_a_non_applicable_role_is_dropped_from_the_applicable_set (test_crew_applicability.CrewStageTests.test_a_non_applicable_role_is_dropped_from_the_applicable_set) ... ok
test_a_role_with_no_applicability_declared_defaults_to_always (test_crew_applicability.CrewStageTests.test_a_role_with_no_applicability_declared_defaults_to_always) ... ok
test_a_visual_file_puts_the_stage_back_to_demanding_evidence (test_crew_applicability.CrewStageTests.test_a_visual_file_puts_the_stage_back_to_demanding_evidence)
Positive control: the skip cannot go vacuous. ... ok
test_every_declared_probe_is_a_registered_one (test_crew_applicability.CrewStageTests.test_every_declared_probe_is_a_registered_one) ... ok
test_the_other_sensor_stages_are_untouched (test_crew_applicability.CrewStageTests.test_the_other_sensor_stages_are_untouched) ... ok
test_the_stage_is_satisfied_by_a_receipt_naming_the_deciding_fact (test_crew_applicability.CrewStageTests.test_the_stage_is_satisfied_by_a_receipt_naming_the_deciding_fact) ... ok
test_absent_facts_are_applicable (test_crew_applicability.FailClosedTests.test_absent_facts_are_applicable) ... ok
test_no_constant_answer_satisfies_the_suite (test_crew_applicability.FailClosedTests.test_no_constant_answer_satisfies_the_suite)
Red control: neither verdict can be hardcoded and still pass. ... ok
test_unknown_probe_name_is_applicable_and_names_itself (test_crew_applicability.FailClosedTests.test_unknown_probe_name_is_applicable_and_names_itself) ... ok
test_unreadable_tree_is_applicable_and_carries_the_reason (test_crew_applicability.FailClosedTests.test_unreadable_tree_is_applicable_and_carries_the_reason) ... ok
test_a_malformed_manifest_is_refused_rather_than_read_as_a_legacy_receipt (test_crew_applicability.FrozenApplicabilityManifestTests.test_a_malformed_manifest_is_refused_rather_than_read_as_a_legacy_receipt) ... ok
test_a_receipt_written_before_the_manifest_existed_needs_the_full_roster (test_crew_applicability.FrozenApplicabilityManifestTests.test_a_receipt_written_before_the_manifest_existed_needs_the_full_roster)
Backward compatibility, and no free pass: no manifest == every role. ... ok
test_a_role_the_manifest_calls_applicable_must_still_carry_evidence (test_crew_applicability.FrozenApplicabilityManifestTests.test_a_role_the_manifest_calls_applicable_must_still_carry_evidence) ... ok
test_a_verdict_bound_to_another_source_cannot_certify_this_release (test_crew_applicability.FrozenApplicabilityManifestTests.test_a_verdict_bound_to_another_source_cannot_certify_this_release) ... ok
test_a_verdict_bound_to_another_tree_at_the_same_head_cannot_certify (test_crew_applicability.FrozenApplicabilityManifestTests.test_a_verdict_bound_to_another_tree_at_the_same_head_cannot_certify) ... ok
test_evidence_for_a_role_the_manifest_retired_is_a_contradiction (test_crew_applicability.FrozenApplicabilityManifestTests.test_evidence_for_a_role_the_manifest_retired_is_a_contradiction) ... ok
test_post_ship_certification_reads_the_frozen_verdict_not_todays_tree (test_crew_applicability.FrozenApplicabilityManifestTests.test_post_ship_certification_reads_the_frozen_verdict_not_todays_tree)
The whole bug: a UI file added AFTER the ship must not change history. ... ok
test_the_captured_manifest_names_every_role_and_its_deciding_fact (test_crew_applicability.FrozenApplicabilityManifestTests.test_the_captured_manifest_names_every_role_and_its_deciding_fact) ... ok
test_a_comma_separated_toolkit_import_is_a_visual_surface (test_crew_applicability.GrammarAwareImportTests.test_a_comma_separated_toolkit_import_is_a_visual_surface) ... ok
test_a_fully_inspected_plain_project_is_still_not_applicable (test_crew_applicability.GrammarAwareImportTests.test_a_fully_inspected_plain_project_is_still_not_applicable) ... ok
test_a_relative_import_is_not_a_toolkit_import (test_crew_applicability.GrammarAwareImportTests.test_a_relative_import_is_not_a_toolkit_import) ... ok
test_a_visual_extension_positive_is_unaffected_by_uncertainty (test_crew_applicability.GrammarAwareImportTests.test_a_visual_extension_positive_is_unaffected_by_uncertainty) ... ok
test_an_unparseable_candidate_is_uncertainty_not_a_negative (test_crew_applicability.GrammarAwareImportTests.test_an_unparseable_candidate_is_uncertainty_not_a_negative) ... ok
test_an_unreadable_candidate_is_uncertainty_not_a_negative (test_crew_applicability.GrammarAwareImportTests.test_an_unreadable_candidate_is_uncertainty_not_a_negative) ... ok
test_every_valid_import_form_for_the_declared_set_is_found (test_crew_applicability.GrammarAwareImportTests.test_every_valid_import_form_for_the_declared_set_is_found) ... ok
test_exceeding_the_parse_window_is_uncertainty_not_a_negative (test_crew_applicability.GrammarAwareImportTests.test_exceeding_the_parse_window_is_uncertainty_not_a_negative) ... ok
test_no_narrow_probe_satisfies_this_class (test_crew_applicability.GrammarAwareImportTests.test_no_narrow_probe_satisfies_this_class)
Red control: the pre-fix first-token regex is red on these inputs. ... ok
test_an_all_always_roster_collects_nothing (test_crew_applicability.HotPathCostTests.test_an_all_always_roster_collects_nothing) ... ok
test_one_conditional_role_is_enough_to_collect (test_crew_applicability.HotPathCostTests.test_one_conditional_role_is_enough_to_collect) ... ok
test_skipping_collection_does_not_change_any_verdict (test_crew_applicability.HotPathCostTests.test_skipping_collection_does_not_change_any_verdict)
The optimisation is verdict-preserving, which is the whole licence. ... ok
test_a_missing_applicable_instance_is_still_demanded (test_crew_applicability.RosterStageTests.test_a_missing_applicable_instance_is_still_demanded) ... ok
test_a_missing_non_applicable_instance_is_not_demanded (test_crew_applicability.RosterStageTests.test_a_missing_non_applicable_instance_is_not_demanded) ... ok
test_the_same_missing_instance_IS_demanded_once_a_ui_exists (test_crew_applicability.RosterStageTests.test_the_same_missing_instance_IS_demanded_once_a_ui_exists)
Positive control for SC-1: the roster skip is conditional, not gone. ... ok
test_a_python_gui_import_change_in_the_window_is_caught_too (test_crew_applicability.SnapshotStabilityBarrierTests.test_a_python_gui_import_change_in_the_window_is_caught_too)
The import path reads file CONTENTS, not only names. ... ok
test_a_quiet_tree_still_retires_the_role_and_stays_stable (test_crew_applicability.SnapshotStabilityBarrierTests.test_a_quiet_tree_still_retires_the_role_and_stays_stable)
Positive control: the barrier did not simply disable the skip. ... ok
test_a_source_change_while_facts_are_collected_makes_the_snapshot_unstable (test_crew_applicability.SnapshotStabilityBarrierTests.test_a_source_change_while_facts_are_collected_makes_the_snapshot_unstable) ... ok
test_an_unbound_observation_cannot_retire_a_role (test_crew_applicability.SnapshotStabilityBarrierTests.test_an_unbound_observation_cannot_retire_a_role)
The removal direction: losing the deciding file must not authorize a skip. ... ok
test_a_desktop_toolkit_import_alone_is_a_visual_surface (test_crew_applicability.VerdictTests.test_a_desktop_toolkit_import_alone_is_a_visual_surface) ... ok
test_always_probe_is_applicable_and_says_why (test_crew_applicability.VerdictTests.test_always_probe_is_applicable_and_says_why) ... ok
test_empty_visual_surface_is_not_applicable_and_names_the_count (test_crew_applicability.VerdictTests.test_empty_visual_surface_is_not_applicable_and_names_the_count) ... ok
test_every_reason_is_non_empty_for_every_probe_and_both_answers (test_crew_applicability.VerdictTests.test_every_reason_is_non_empty_for_every_probe_and_both_answers) ... ok
test_evidence_sample_is_bounded (test_crew_applicability.VerdictTests.test_evidence_sample_is_bounded) ... ok
test_one_visual_file_flips_the_verdict_and_names_it (test_crew_applicability.VerdictTests.test_one_visual_file_flips_the_verdict_and_names_it) ... ok
test_cc_and_continue_share_semantics (test_crew_liveness_drift.AliasEquivalenceTests.test_cc_and_continue_share_semantics) ... ok
test_sc_and_crew_are_one_route (test_crew_liveness_drift.AliasEquivalenceTests.test_sc_and_crew_are_one_route) ... ok
test_dry_run_never_writes_projection (test_crew_liveness_drift.CrewCliLivenessTests.test_dry_run_never_writes_projection) ... ok
test_engine_progress_clears_stall_memory (test_crew_liveness_drift.CrewCliLivenessTests.test_engine_progress_clears_stall_memory) ... ok
test_identical_actionable_twice_reports_stall_not_silence (test_crew_liveness_drift.CrewCliLivenessTests.test_identical_actionable_twice_reports_stall_not_silence) ... ok
test_readonly_session_never_writes_projection (test_crew_liveness_drift.CrewCliLivenessTests.test_readonly_session_never_writes_projection) ... ok
test_deterministic_and_sensitive (test_crew_liveness_drift.FingerprintTests.test_deterministic_and_sensitive) ... ok
test_corrupt_carrier_degrades_to_first_observation (test_crew_liveness_drift.LivenessTrackerTests.test_corrupt_carrier_degrades_to_first_observation) ... ok
test_progress_resets_and_clear (test_crew_liveness_drift.LivenessTrackerTests.test_progress_resets_and_clear) ... ok
test_second_identical_actionable_is_stall (test_crew_liveness_drift.LivenessTrackerTests.test_second_identical_actionable_is_stall) ... ok
test_known_command_with_foreign_home_executes_normally (test_crew_liveness_drift.RuntimeDriftTests.test_known_command_with_foreign_home_executes_normally) ... ok
test_no_state_no_drift_claim (test_crew_liveness_drift.RuntimeDriftTests.test_no_state_no_drift_claim) ... ok
test_same_home_unknown_command_stays_plain (test_crew_liveness_drift.RuntimeDriftTests.test_same_home_unknown_command_stays_plain) ... ok
test_unknown_command_with_foreign_home_is_runtime_drift (test_crew_liveness_drift.RuntimeDriftTests.test_unknown_command_with_foreign_home_is_runtime_drift) ... ok
test_a_blocked_run_makes_a_current_looking_set_not_fresh (test_distribution_report.BlockedInjectionTests.test_a_blocked_run_makes_a_current_looking_set_not_fresh) ... ok
test_a_nonzero_run_with_no_skip_line_still_reports_blocked (test_distribution_report.BlockedInjectionTests.test_a_nonzero_run_with_no_skip_line_still_reports_blocked) ... ok
test_a_run_still_in_flight_is_unknown_not_a_success (test_distribution_report.BlockedInjectionTests.test_a_run_still_in_flight_is_unknown_not_a_success) ... ok
test_a_skipped_run_names_its_reason_and_the_dirty_paths (test_distribution_report.BlockedInjectionTests.test_a_skipped_run_names_its_reason_and_the_dirty_paths) ... ok
test_a_successful_run_is_not_blocked (test_distribution_report.BlockedInjectionTests.test_a_successful_run_is_not_blocked) ... ok
test_no_scheduler_log_is_a_normal_answer (test_distribution_report.BlockedInjectionTests.test_no_scheduler_log_is_a_normal_answer) ... ok
test_only_the_newest_run_decides (test_distribution_report.BlockedInjectionTests.test_only_the_newest_run_decides) ... ok
test_a_fully_current_set_reports_fresh_with_a_sentence (test_distribution_report.FreshIsAnAnswerTests.test_a_fully_current_set_reports_fresh_with_a_sentence) ... ok
test_fresh_and_stale_produce_different_sentences (test_distribution_report.FreshIsAnAnswerTests.test_fresh_and_stale_produce_different_sentences) ... ok
test_no_installed_home_says_so_rather_than_printing_nothing (test_distribution_report.FreshIsAnAnswerTests.test_no_installed_home_says_so_rather_than_printing_nothing) ... ok
test_it_never_creates_an_absent_home (test_distribution_report.ReadOnlyTests.test_it_never_creates_an_absent_home) ... ok
test_it_never_writes_a_stamp_into_an_unstamped_home (test_distribution_report.ReadOnlyTests.test_it_never_writes_a_stamp_into_an_unstamped_home) ... ok
test_the_report_writes_nothing (test_distribution_report.ReadOnlyTests.test_the_report_writes_nothing) ... ok
test_a_home_with_no_head_is_unknown_and_never_counted_fresh (test_distribution_report.StaleCountTests.test_a_home_with_no_head_is_unknown_and_never_counted_fresh) ... ok
test_a_stale_home_is_counted_and_named (test_distribution_report.StaleCountTests.test_a_stale_home_is_counted_and_named) ... ok
test_all_stale_still_reports_the_newest_head_they_carry (test_distribution_report.StaleCountTests.test_all_stale_still_reports_the_newest_head_they_carry) ... ok
test_an_absent_home_is_not_stale_it_is_simply_not_installed (test_distribution_report.StaleCountTests.test_an_absent_home_is_not_stale_it_is_simply_not_installed) ... ok
test_the_newest_installed_head_is_the_most_recently_stamped (test_distribution_report.StaleCountTests.test_the_newest_installed_head_is_the_most_recently_stamped) ... ok
test_the_summary_names_both_numbers (test_distribution_report.StaleCountTests.test_the_summary_names_both_numbers) ... ok
test_AUTH_01_dedicated_edit_approved_write_authorized (test_effect_authorization.CoverageMatrixTests.test_AUTH_01_dedicated_edit_approved_write_authorized) ... ok
test_AUTH_02_write_without_approval_missing (test_effect_authorization.CoverageMatrixTests.test_AUTH_02_write_without_approval_missing) ... ok
test_AUTH_03_readonly_shell_operation_no_mutation (test_effect_authorization.CoverageMatrixTests.test_AUTH_03_readonly_shell_operation_no_mutation) ... ok
test_AUTH_04_python_via_shell_write_insufficient (test_effect_authorization.CoverageMatrixTests.test_AUTH_04_python_via_shell_write_insufficient) ... ok
test_AUTH_11_claims_readonly_but_tree_changed (test_effect_authorization.CoverageMatrixTests.test_AUTH_11_claims_readonly_but_tree_changed) ... ok
test_AUTH_12_no_change_no_false_mutation (test_effect_authorization.CoverageMatrixTests.test_AUTH_12_no_change_no_false_mutation) ... ok
test_AUTH_18_scope_mismatch_path_b (test_effect_authorization.CoverageMatrixTests.test_AUTH_18_scope_mismatch_path_b) ... ok
test_AUTH_19_stale_attempt_reuse_rejected_unless_reusable (test_effect_authorization.CoverageMatrixTests.test_AUTH_19_stale_attempt_reuse_rejected_unless_reusable) ... ok
test_unknown_effect_fails_closed_as_drift (test_effect_authorization.CoverageMatrixTests.test_unknown_effect_fails_closed_as_drift) ... ok
test_closed_vocabulary_and_mutation_sets (test_effect_authorization.EffectVocabularyTests.test_closed_vocabulary_and_mutation_sets) ... ok
test_default_policy_backward_compatible_and_fail_closed (test_effect_authorization.EffectVocabularyTests.test_default_policy_backward_compatible_and_fail_closed) ... ok
test_tool_contract_possible_is_not_observed (test_effect_authorization.EffectVocabularyTests.test_tool_contract_possible_is_not_observed) ... ok
test_AUTH_15_declared_sandbox_reports_strong (test_effect_authorization.EnforcementHonestyTests.test_AUTH_15_declared_sandbox_reports_strong) ... ok
test_AUTH_16_prompt_conventions_never_reported_as_sandbox (test_effect_authorization.EnforcementHonestyTests.test_AUTH_16_prompt_conventions_never_reported_as_sandbox) ... ok
test_AUTH_17_bounded_authorization_matches_exact_scope (test_effect_authorization.EnforcementHonestyTests.test_AUTH_17_bounded_authorization_matches_exact_scope) ... ok
test_AUTH_20_no_implicit_promotion_execute_to_write (test_effect_authorization.EnforcementHonestyTests.test_AUTH_20_no_implicit_promotion_execute_to_write) ... ok
test_cold_resume_evidence_survives_dead_agent (test_effect_authorization.IncidentFixtureTests.test_cold_resume_evidence_survives_dead_agent) ... ok
test_incident_full_semantics (test_effect_authorization.IncidentFixtureTests.test_incident_full_semantics) ... ok
test_permissions_accepts_no_arguments (test_effect_authorization.PermissionsDiagnosticTests.test_permissions_accepts_no_arguments) ... ok
test_permissions_readonly_json_shape (test_effect_authorization.PermissionsDiagnosticTests.test_permissions_readonly_json_shape) ... ok
test_permissions_surfaces_project_manual_policy_gap (test_effect_authorization.PermissionsDiagnosticTests.test_permissions_surfaces_project_manual_policy_gap) ... ok
test_corrupt_policy_degrades_to_derived (test_effect_authorization.PolicyLoadTests.test_corrupt_policy_degrades_to_derived) ... ok
test_project_policy_tightens_only (test_effect_authorization.PolicyLoadTests.test_project_policy_tightens_only) ... ok
test_AUTH_04_incident_python_writes_tracked_file (test_effect_authorization.TreeDeltaTests.test_AUTH_04_incident_python_writes_tracked_file) ... ok
test_AUTH_05_shell_redirection_into_tracked_file (test_effect_authorization.TreeDeltaTests.test_AUTH_05_shell_redirection_into_tracked_file) ... ok
test_AUTH_06_powershell_set_content_same_class (test_effect_authorization.TreeDeltaTests.test_AUTH_06_powershell_set_content_same_class) ... ok
test_AUTH_07_formatter_rewrite_detected (test_effect_authorization.TreeDeltaTests.test_AUTH_07_formatter_rewrite_detected) ... ok
test_AUTH_08_ignored_artifact_not_project_mutation (test_effect_authorization.TreeDeltaTests.test_AUTH_08_ignored_artifact_not_project_mutation) ... ok
test_AUTH_09_runner_rewrites_tracked_fixture_detected (test_effect_authorization.TreeDeltaTests.test_AUTH_09_runner_rewrites_tracked_fixture_detected) ... ok
test_AUTH_10_git_command_changes_worktree_detected (test_effect_authorization.TreeDeltaTests.test_AUTH_10_git_command_changes_worktree_detected) ... ok
test_AUTH_12_no_operation_no_mutation (test_effect_authorization.TreeDeltaTests.test_AUTH_12_no_operation_no_mutation) ... ok
test_AUTH_13_pre_existing_dirt_not_attributed (test_effect_authorization.TreeDeltaTests.test_AUTH_13_pre_existing_dirt_not_attributed) ... ok
test_AUTH_14_external_concurrent_mutation_provenance_unknown (test_effect_authorization.TreeDeltaTests.test_AUTH_14_external_concurrent_mutation_provenance_unknown) ... ok
test_non_git_project_reports_unavailable_honestly (test_effect_authorization.TreeDeltaTests.test_non_git_project_reports_unavailable_honestly) ... ok
test_the_cli_still_refuses_a_real_surplus_argument (test_explicit_claim.CliSurfaceTests.test_the_cli_still_refuses_a_real_surplus_argument) ... ok
test_the_flag_alone_is_not_a_ticket_id (test_explicit_claim.CliSurfaceTests.test_the_flag_alone_is_not_a_ticket_id) ... ok
test_the_flag_reaches_the_engine_through_the_cli (test_explicit_claim.CliSurfaceTests.test_the_flag_reaches_the_engine_through_the_cli) ... ok
test_a_blocker_still_refuses_with_the_flag (test_explicit_claim.OverrideBypassesOnlyOrderingTests.test_a_blocker_still_refuses_with_the_flag) ... ok
test_a_live_doing_ticket_still_refuses_with_the_flag (test_explicit_claim.OverrideBypassesOnlyOrderingTests.test_a_live_doing_ticket_still_refuses_with_the_flag) ... ok
test_an_unknown_ticket_still_refuses_with_the_flag (test_explicit_claim.OverrideBypassesOnlyOrderingTests.test_an_unknown_ticket_still_refuses_with_the_flag) ... ok
test_unmet_needs_still_refuse_with_the_flag (test_explicit_claim.OverrideBypassesOnlyOrderingTests.test_unmet_needs_still_refuse_with_the_flag) ... ok
test_a_redundant_flag_writes_no_stepped_over_claim (test_explicit_claim.OverrideWorksTests.test_a_redundant_flag_writes_no_stepped_over_claim) ... ok
test_an_empty_board_never_manufactures_a_stepped_over_ticket (test_explicit_claim.OverrideWorksTests.test_an_empty_board_never_manufactures_a_stepped_over_ticket) ... ok
test_explicit_claims_a_ticket_the_pick_rule_would_refuse (test_explicit_claim.OverrideWorksTests.test_explicit_claims_a_ticket_the_pick_rule_would_refuse) ... ok
test_the_override_records_the_ticket_it_stepped_over (test_explicit_claim.OverrideWorksTests.test_the_override_records_the_ticket_it_stepped_over) ... ok
test_the_refusal_names_the_flag_an_operator_can_type (test_explicit_claim.RefusalNamesTheRemedyTests.test_the_refusal_names_the_flag_an_operator_can_type) ... ok
test_the_refusal_still_names_the_ticket_that_wins (test_explicit_claim.RefusalNamesTheRemedyTests.test_the_refusal_still_names_the_ticket_that_wins) ... ok
test_without_the_flag_the_pick_rule_is_unchanged (test_explicit_claim.RefusalNamesTheRemedyTests.test_without_the_flag_the_pick_rule_is_unchanged) ... ok
test_injectors_contain_all_19_shortcuts (test_hostile_wave_regressions.Wave1InjectorTests.test_injectors_contain_all_19_shortcuts) ... ok
test_new_shortcuts_ff_xx_vv_zz_present (test_hostile_wave_regressions.Wave1InjectorTests.test_new_shortcuts_ff_xx_vv_zz_present) ... ok
test_aa_over_wait_executes_markhunt (test_hostile_wave_regressions.Wave2ObeyTests.test_aa_over_wait_executes_markhunt) ... ok
test_cc_over_user_brake_wait (test_hostile_wave_regressions.Wave2ObeyTests.test_cc_over_user_brake_wait) ... ok
test_cc_over_wait_is_obey_converge (test_hostile_wave_regressions.Wave2ObeyTests.test_cc_over_wait_is_obey_converge) ... ok
test_next_stays_wait_no_command (test_hostile_wave_regressions.Wave2ObeyTests.test_next_stays_wait_no_command) ... ok
test_safety_valve_cc_reauthorizes (test_hostile_wave_regressions.Wave2ObeyTests.test_safety_valve_cc_reauthorizes) ... ok
test_sss_over_wait_executes_status_not_unknown (test_hostile_wave_regressions.Wave2ObeyTests.test_sss_over_wait_executes_status_not_unknown) ... ok
test_crew_intent_persists_and_cc_resumes (test_hostile_wave_regressions.Wave3CrewTests.test_crew_intent_persists_and_cc_resumes) ... ok
test_malformed_manifest_blocks (test_hostile_wave_regressions.Wave3CrewTests.test_malformed_manifest_blocks) ... ok
test_missing_manifest_yields_sync_not_malformed (test_hostile_wave_regressions.Wave3CrewTests.test_missing_manifest_yields_sync_not_malformed) ... ok
test_activation_reports_the_bounded_final_report (test_hush_runtime.Lifecycle.test_activation_reports_the_bounded_final_report) ... ok
test_the_policy_is_immutable (test_hush_runtime.Lifecycle.test_the_policy_is_immutable) ... ok
test_the_policy_is_task_local_and_never_persisted (test_hush_runtime.Lifecycle.test_the_policy_is_task_local_and_never_persisted) ... ok
test_hush_cc_resolves_to_the_same_command_as_cc (test_hush_runtime.Parity.test_hush_cc_resolves_to_the_same_command_as_cc) ... ok
test_parity_holds_across_the_whole_shortcut_table (test_hush_runtime.Parity.test_parity_holds_across_the_whole_shortcut_table) ... ok
test_parity_holds_for_a_compound_task (test_hush_runtime.Parity.test_parity_holds_for_a_compound_task) ... ok
test_the_modifier_decides_nothing_about_routing (test_hush_runtime.Parity.test_the_modifier_decides_nothing_about_routing) ... ok
test_a_bare_modifier_is_not_an_activation (test_hush_runtime.Parsing.test_a_bare_modifier_is_not_an_activation) ... ok
test_a_leading_modifier_activates_and_hands_over_the_bare_task (test_hush_runtime.Parsing.test_a_leading_modifier_activates_and_hands_over_the_bare_task) ... ok
test_empty_and_non_string_input_never_activate (test_hush_runtime.Parsing.test_empty_and_non_string_input_never_activate) ... ok
test_hush_inside_a_task_is_ordinary_text (test_hush_runtime.Parsing.test_hush_inside_a_task_is_ordinary_text) ... ok
test_the_task_text_is_handed_over_unchanged (test_hush_runtime.Parsing.test_the_task_text_is_handed_over_unchanged) ... ok
test_precedence_still_puts_user_and_safety_above_policy (test_hush_runtime.RegistryTruth.test_precedence_still_puts_user_and_safety_above_policy) ... ok
test_registry_status_matches_the_shipped_runtime (test_hush_runtime.RegistryTruth.test_registry_status_matches_the_shipped_runtime) ... ok
test_the_output_sets_have_one_owner (test_hush_runtime.RegistryTruth.test_the_output_sets_have_one_owner) ... ok
test_an_unknown_output_kind_prints_rather_than_disappearing (test_hush_runtime.Suppression.test_an_unknown_output_kind_prints_rather_than_disappearing) ... ok
test_discretionary_narration_is_suppressed_under_hush (test_hush_runtime.Suppression.test_discretionary_narration_is_suppressed_under_hush) ... ok
test_evidence_and_the_final_report_are_mandatory (test_hush_runtime.Suppression.test_evidence_and_the_final_report_are_mandatory) ... ok
test_mandatory_output_is_never_suppressed (test_hush_runtime.Suppression.test_mandatory_output_is_never_suppressed) ... ok
test_the_default_policy_suppresses_nothing (test_hush_runtime.Suppression.test_the_default_policy_suppresses_nothing) ... ok
test_the_two_output_sets_cannot_overlap (test_hush_runtime.Suppression.test_the_two_output_sets_cannot_overlap) ... ok
test_a_lone_cr_normalises_too (test_inject_digest.ContentBytes.test_a_lone_cr_normalises_too) ... ok
test_a_real_content_change_still_differs (test_inject_digest.ContentBytes.test_a_real_content_change_still_differs) ... ok
test_binary_content_is_hashed_byte_for_byte (test_inject_digest.ContentBytes.test_binary_content_is_hashed_byte_for_byte) ... ok
test_crlf_and_lf_are_the_same_content (test_inject_digest.ContentBytes.test_crlf_and_lf_are_the_same_content) ... ok
test_a_test_cache_is_pruned_like_a_bytecode_cache (test_inject_digest.PruneRule.test_a_test_cache_is_pruned_like_a_bytecode_cache) ... ok
test_the_prune_rule_has_one_owner (test_inject_digest.PruneRule.test_the_prune_rule_has_one_owner) ... ok
test_a_legacy_bare_digest_still_reads (test_inject_digest.StampRecord.test_a_legacy_bare_digest_still_reads) ... ok
test_a_rich_stamp_is_parsed (test_inject_digest.StampRecord.test_a_rich_stamp_is_parsed) ... ok
test_an_absent_or_empty_or_corrupt_stamp_is_no_record (test_inject_digest.StampRecord.test_an_absent_or_empty_or_corrupt_stamp_is_no_record) ... ok
test_the_install_time_is_readable_without_the_clone (test_inject_digest.StampRecord.test_the_install_time_is_readable_without_the_clone) ... ok
test_a_passed_head_is_recorded (test_inject_digest.StampSourceHead.test_a_passed_head_is_recorded) ... ok
test_an_unavailable_head_is_omitted_not_guessed (test_inject_digest.StampSourceHead.test_an_unavailable_head_is_omitted_not_guessed) ... ok
test_a_real_edit_to_the_surface_still_moves_the_digest (test_inject_digest.SurfaceDigest.test_a_real_edit_to_the_surface_still_moves_the_digest) ... ok
test_the_two_transports_agree (test_inject_digest.SurfaceDigest.test_the_two_transports_agree) ... ok
test_a_faithful_copy_reports_no_drift (test_install_drift.DriftReportTests.test_a_faithful_copy_reports_no_drift) ... ok
test_a_missing_file_is_named_as_missing (test_install_drift.DriftReportTests.test_a_missing_file_is_named_as_missing) ... ok
test_a_never_installed_home_is_bounded_by_the_limit (test_install_drift.DriftReportTests.test_a_never_installed_home_is_bounded_by_the_limit) ... ok
test_an_older_generation_is_named_with_both_byte_counts (test_install_drift.DriftReportTests.test_an_older_generation_is_named_with_both_byte_counts) ... ok
test_every_routing_document_is_caught_when_all_four_go_stale (test_install_drift.DriftReportTests.test_every_routing_document_is_caught_when_all_four_go_stale) ... ok
test_line_endings_alone_are_not_drift (test_install_drift.DriftReportTests.test_line_endings_alone_are_not_drift)
The T-1253 boundary: the snapshot ships CRLF, the clone holds LF. ... ok
test_other_trees_keep_their_names (test_install_drift.InstalledPathTests.test_other_trees_keep_their_names) ... ok
test_saipen_prefix_is_stripped_once (test_install_drift.InstalledPathTests.test_saipen_prefix_is_stripped_once) ... ok
test_the_routing_documents_are_on_the_shipped_surface (test_install_drift.SurfaceMembershipTests.test_the_routing_documents_are_on_the_shipped_surface)
A document off the manifest is one the injector never refreshes. ... ok
test_audit_core003_cc_surplus_exact_and_sc_surplus_zero_write (test_intent_audit_fixes.IntentAuditTests.test_audit_core003_cc_surplus_exact_and_sc_surplus_zero_write) ... ok
test_audit_core003_converge_target_controls_resume_without_writes (test_intent_audit_fixes.IntentAuditTests.test_audit_core003_converge_target_controls_resume_without_writes) ... ok
test_audit_core003_goal_cc_and_continue_route_identically_without_writes (test_intent_audit_fixes.IntentAuditTests.test_audit_core003_goal_cc_and_continue_route_identically_without_writes) ... ok
test_audit_core003_normal_cc_enters_done_convergence (test_intent_audit_fixes.IntentAuditTests.test_audit_core003_normal_cc_enters_done_convergence) ... ok
test_audit_core003_normal_entry_refuses_intent_race_without_writes (test_intent_audit_fixes.IntentAuditTests.test_audit_core003_normal_entry_refuses_intent_race_without_writes) ... ok
test_audit_core003_sc_and_crew_establish_equivalent_crew_intent (test_intent_audit_fixes.IntentAuditTests.test_audit_core003_sc_and_crew_establish_equivalent_crew_intent) ... ok
test_audit_core003_tripped_goal_cc_reauthorizes_and_clears_wait (test_intent_audit_fixes.IntentAuditTests.test_audit_core003_tripped_goal_cc_reauthorizes_and_clears_wait) ... ok
test_audit_core004_each_stale_dimension_still_reaches_prepare (test_intent_audit_fixes.IntentAuditTests.test_audit_core004_each_stale_dimension_still_reaches_prepare) ... ok
test_audit_core004_matching_ready_dry_run_plans_fresh_execution (test_intent_audit_fixes.IntentAuditTests.test_audit_core004_matching_ready_dry_run_plans_fresh_execution) ... ok
test_audit_core004_matching_ready_never_bypasses_named_prepare (test_intent_audit_fixes.IntentAuditTests.test_audit_core004_matching_ready_never_bypasses_named_prepare) ... ok
test_audit_core005_exact_prepare_commands_keep_fixed_bindings (test_intent_audit_fixes.IntentAuditTests.test_audit_core005_exact_prepare_commands_keep_fixed_bindings) ... ok
test_audit_core005_exact_ship_commands_keep_fixed_bindings (test_intent_audit_fixes.IntentAuditTests.test_audit_core005_exact_ship_commands_keep_fixed_bindings) ... ok
test_audit_core005_malformed_producer_commands_are_zero_write (test_intent_audit_fixes.IntentAuditTests.test_audit_core005_malformed_producer_commands_are_zero_write) ... ok
test_cli_prepare_dry_run_keeps_existing_producer_trees_byte_identical (test_intent_audit_fixes.IntentAuditTests.test_cli_prepare_dry_run_keeps_existing_producer_trees_byte_identical) ... ok
test_core001_capability_default_is_full_when_unset (test_intent_audit_fixes.IntentAuditTests.test_core001_capability_default_is_full_when_unset) ... ok
test_core001_readonly_refuses_mutation (test_intent_audit_fixes.IntentAuditTests.test_core001_readonly_refuses_mutation) ... ok
test_core002_dryrun_zero_write (test_intent_audit_fixes.IntentAuditTests.test_core002_dryrun_zero_write) ... ok
test_core003_existing_outbox_is_not_fresh_execution (test_intent_audit_fixes.IntentAuditTests.test_core003_existing_outbox_is_not_fresh_execution) ... ok
test_core003_no_fabrication_producer (test_intent_audit_fixes.IntentAuditTests.test_core003_no_fabrication_producer) ... ok
test_core003_no_fabrication_sub_role (test_intent_audit_fixes.IntentAuditTests.test_core003_no_fabrication_sub_role) ... ok
test_core004_no_destruction (test_intent_audit_fixes.IntentAuditTests.test_core004_no_destruction) ... ok
test_core005_recover_live_writer_no_delete (test_intent_audit_fixes.IntentAuditTests.test_core005_recover_live_writer_no_delete) ... ok
test_core006_saitranslate_namespace (test_intent_audit_fixes.IntentAuditTests.test_core006_saitranslate_namespace) ... ok
test_core007_crew_defer_accepts_canonical_epoch_shape (test_intent_audit_fixes.IntentAuditTests.test_core007_crew_defer_accepts_canonical_epoch_shape) ... ok
test_core007_no_unknown_action (test_intent_audit_fixes.IntentAuditTests.test_core007_no_unknown_action) ... ok
test_core007_targeted_collect_creates_ticket_before_review (test_intent_audit_fixes.IntentAuditTests.test_core007_targeted_collect_creates_ticket_before_review) ... ok
test_core007_targeted_release_context_requires_ticket_bound_receipt (test_intent_audit_fixes.IntentAuditTests.test_core007_targeted_release_context_requires_ticket_bound_receipt) ... ok
test_core007_targeted_shortcuts_are_ready_only (test_intent_audit_fixes.IntentAuditTests.test_core007_targeted_shortcuts_are_ready_only) ... ok
test_core007_targeted_shortcuts_resume_own_ticket_not_crew (test_intent_audit_fixes.IntentAuditTests.test_core007_targeted_shortcuts_resume_own_ticket_not_crew) ... ok
test_core008_path_containment (test_intent_audit_fixes.IntentAuditTests.test_core008_path_containment) ... ok
test_core010_conformance_containment (test_intent_audit_fixes.IntentAuditTests.test_core010_conformance_containment) ... ok
test_legacy_autonomous_loop_contract_is_crew_only (test_intent_audit_fixes.IntentAuditTests.test_legacy_autonomous_loop_contract_is_crew_only) ... ok
test_perf001_progress_tracker_bounds_all_sequences (test_intent_audit_fixes.IntentAuditTests.test_perf001_progress_tracker_bounds_all_sequences) ... ok
test_review_crew_integrator_refuses_corrupt_epoch_before_payload (test_intent_audit_fixes.IntentAuditTests.test_review_crew_integrator_refuses_corrupt_epoch_before_payload) ... ok
test_review_descriptor_reader_rejects_short_concurrent_snapshot (test_intent_audit_fixes.IntentAuditTests.test_review_descriptor_reader_rejects_short_concurrent_snapshot) ... ok
test_review_durable_epoch_carrier_is_strict_project_authority (test_intent_audit_fixes.IntentAuditTests.test_review_durable_epoch_carrier_is_strict_project_authority) ... ok
test_review_durable_epoch_corruption_never_downgrades_to_legacy (test_intent_audit_fixes.IntentAuditTests.test_review_durable_epoch_corruption_never_downgrades_to_legacy) ... ok
test_review_durable_epoch_refuses_symlinked_ancestor (test_intent_audit_fixes.IntentAuditTests.test_review_durable_epoch_refuses_symlinked_ancestor) ... ok
test_review_durable_epoch_refuses_symlinked_project_identity (test_intent_audit_fixes.IntentAuditTests.test_review_durable_epoch_refuses_symlinked_project_identity) ... ok
test_review_project_identity_descriptor_rejects_lstat_open_pivot (test_intent_audit_fixes.IntentAuditTests.test_review_project_identity_descriptor_rejects_lstat_open_pivot) ... ok
test_review_targeted_collect_refuses_corrupt_epoch_before_any_write (test_intent_audit_fixes.IntentAuditTests.test_review_targeted_collect_refuses_corrupt_epoch_before_any_write) ... ok
test_01_no_knowledge_directory_is_silent (test_knowledge.KnowledgeTests.test_01_no_knowledge_directory_is_silent) ... ok
test_02_legacy_documents_need_no_cards (test_knowledge.KnowledgeTests.test_02_legacy_documents_need_no_cards) ... ok
test_03_missing_index_is_not_an_error (test_knowledge.KnowledgeTests.test_03_missing_index_is_not_an_error) ... ok
test_04_deleting_index_loses_no_authority (test_knowledge.KnowledgeTests.test_04_deleting_index_loses_no_authority) ... ok
test_05_valid_card_parses (test_knowledge.KnowledgeTests.test_05_valid_card_parses) ... ok
test_06_missing_evidence_is_rejected (test_knowledge.KnowledgeTests.test_06_missing_evidence_is_rejected) ... ok
test_07_invalid_kind_and_status_are_rejected (test_knowledge.KnowledgeTests.test_07_invalid_kind_and_status_are_rejected) ... ok
test_08_self_supersession_is_rejected (test_knowledge.KnowledgeTests.test_08_self_supersession_is_rejected) ... ok
test_09_missing_supersession_target_is_rejected (test_knowledge.KnowledgeTests.test_09_missing_supersession_target_is_rejected) ... ok
test_10_path_traversal_in_card_link_is_rejected (test_knowledge.KnowledgeTests.test_10_path_traversal_in_card_link_is_rejected) ... ok
test_11_duplicate_retrieval_identity_fails_safely (test_knowledge.KnowledgeTests.test_11_duplicate_retrieval_identity_fails_safely) ... ok
test_12_same_tree_generates_byte_identical_index (test_knowledge.KnowledgeTests.test_12_same_tree_generates_byte_identical_index) ... ok
test_13_changed_card_makes_index_stale (test_knowledge.KnowledgeTests.test_13_changed_card_makes_index_stale) ... ok
test_14_regeneration_restores_exact_projection (test_knowledge.KnowledgeTests.test_14_regeneration_restores_exact_projection) ... ok
test_15_index_contains_metadata_not_body (test_knowledge.KnowledgeTests.test_15_index_contains_metadata_not_body) ... ok
test_16_superseded_card_is_visibly_non_active (test_knowledge.KnowledgeTests.test_16_superseded_card_is_visibly_non_active) ... ok
test_17_unrelated_task_loads_no_cards (test_knowledge.KnowledgeTests.test_17_unrelated_task_loads_no_cards) ... ok
test_18_scope_and_trigger_select_relevant_card (test_knowledge.KnowledgeTests.test_18_scope_and_trigger_select_relevant_card) ... ok
test_19_multiple_ties_expand_only_to_limit (test_knowledge.KnowledgeTests.test_19_multiple_ties_expand_only_to_limit) ... ok
test_20_stale_index_falls_back_without_authority (test_knowledge.KnowledgeTests.test_20_stale_index_falls_back_without_authority) ... ok
test_21_completion_alone_does_not_promote (test_knowledge.KnowledgeTests.test_21_completion_alone_does_not_promote) ... ok
test_22_verified_reusable_decision_lesson_qualifies (test_knowledge.KnowledgeTests.test_22_verified_reusable_decision_lesson_qualifies) ... ok
test_23_guess_does_not_qualify (test_knowledge.KnowledgeTests.test_23_guess_does_not_qualify) ... ok
test_24_duplicate_lesson_reuses_existing_card (test_knowledge.KnowledgeTests.test_24_duplicate_lesson_reuses_existing_card) ... ok
test_25_new_truth_requires_explicit_supersession (test_knowledge.KnowledgeTests.test_25_new_truth_requires_explicit_supersession) ... ok
test_26_secret_like_value_is_rejected (test_knowledge.KnowledgeTests.test_26_secret_like_value_is_rejected) ... ok
test_27_index_never_copies_secret_or_body (test_knowledge.KnowledgeTests.test_27_index_never_copies_secret_or_body) ... ok
test_28_cold_context_loads_relevant_card_only (test_knowledge.KnowledgeTests.test_28_cold_context_loads_relevant_card_only) ... ok
test_29_hundreds_of_unrelated_cards_load_one_body (test_knowledge.KnowledgeTests.test_29_hundreds_of_unrelated_cards_load_one_body) ... ok
test_30_index_requires_no_state_field_or_phase (test_knowledge.KnowledgeTests.test_30_index_requires_no_state_field_or_phase) ... ok
test_31_legacy_documents_project_path_and_title_only (test_knowledge.KnowledgeTests.test_31_legacy_documents_project_path_and_title_only) ... ok
test_32_changed_legacy_title_makes_index_stale (test_knowledge.KnowledgeTests.test_32_changed_legacy_title_makes_index_stale) ... ok
test_33_legacy_rows_are_not_retrieval_candidates (test_knowledge.KnowledgeTests.test_33_legacy_rows_are_not_retrieval_candidates) ... ok
test_34_cold_surface_carries_why_and_evidence (test_knowledge.KnowledgeTests.test_34_cold_surface_carries_why_and_evidence) ... ok
test_35_removing_the_card_removes_the_influence (test_knowledge.KnowledgeTests.test_35_removing_the_card_removes_the_influence) ... ok
test_cli_retrieval_error_returns_failure (test_knowledge.KnowledgeTests.test_cli_retrieval_error_returns_failure) ... ok
test_legacy_index_remains_valid_and_cannot_be_overwritten (test_knowledge.KnowledgeTests.test_legacy_index_remains_valid_and_cannot_be_overwritten) ... ok
test_retrieval_refuses_incoherent_supersession_with_stale_index (test_knowledge.KnowledgeTests.test_retrieval_refuses_incoherent_supersession_with_stale_index) ... ok
test_retrieval_refuses_incoherent_supersession_without_index (test_knowledge.KnowledgeTests.test_retrieval_refuses_incoherent_supersession_without_index) ... ok
test_a_dec_merely_discussing_one_does_not_grant_it (test_ledger_gap.AmnestyConditions.test_a_dec_merely_discussing_one_does_not_grant_it)
Anchoring: a sentence containing the marker is describing it. ... ok
test_a_run_reporting_an_amnesty_does_not_grant_one (test_ledger_gap.AmnestyConditions.test_a_run_reporting_an_amnesty_does_not_grant_one) ... ok
test_an_amnesty_for_another_pair_covers_nothing (test_ledger_gap.AmnestyConditions.test_an_amnesty_for_another_pair_covers_nothing) ... ok
test_an_amnesty_granted_before_the_gap_covers_nothing (test_ledger_gap.AmnestyConditions.test_an_amnesty_granted_before_the_gap_covers_nothing)
Bounding: a decision cannot exempt a hole that did not exist yet. ... ok
test_the_grant_map_carries_the_deciding_event_id (test_ledger_gap.AmnestyConditions.test_the_grant_map_carries_the_deciding_event_id)
A boolean cannot be bounded; that is how the class starts. ... ok
test_a_named_gap_is_exempted_and_still_visible (test_ledger_gap.AmnestyGrant.test_a_named_gap_is_exempted_and_still_visible)
Unwedging is the point, and silence is not how it is done. ... ok
test_an_exempted_project_can_still_be_mutated (test_ledger_gap.AmnestyGrant.test_an_exempted_project_can_still_be_mutated)
The wedge: with no escape, every SAIOPS mutation on that tree refused. ... ok
test_one_amnesty_does_not_cover_a_second_gap (test_ledger_gap.AmnestyGrant.test_one_amnesty_does_not_cover_a_second_gap) ... ok
test_a_backwards_id_is_still_reported (test_ledger_gap.GapDetection.test_a_backwards_id_is_still_reported) ... ok
test_a_consecutive_chain_is_clean (test_ledger_gap.GapDetection.test_a_consecutive_chain_is_clean) ... ok
test_a_duplicate_is_still_reported (test_ledger_gap.GapDetection.test_a_duplicate_is_still_reported) ... ok
test_a_gap_is_reported (test_ledger_gap.GapDetection.test_a_gap_is_reported)
The measured regression: E-001 then E-005 returned no error at all. ... ok
test_the_diagnostic_says_consecutive_not_monotonic (test_ledger_gap.GapDetection.test_the_diagnostic_says_consecutive_not_monotonic)
The old string claimed a contract the canonical validator owns. ... ok
test_no_constant_answer_satisfies_this_class (test_ledger_gap.RedControl.test_no_constant_answer_satisfies_this_class)
Neither verdict can be hardcoded. ... ok
test_dec_at_or_after_the_inversion_covers_it (test_log_stamp_guard.AmnestyScopeTests.test_dec_at_or_after_the_inversion_covers_it) ... ok
test_dec_does_not_cover_an_inversion_written_after_it (test_log_stamp_guard.AmnestyScopeTests.test_dec_does_not_cover_an_inversion_written_after_it) ... ok
test_run_line_quoting_the_phrase_grants_no_amnesty (test_log_stamp_guard.AmnestyScopeTests.test_run_line_quoting_the_phrase_grants_no_amnesty) ... ok
test_clock_slack_is_tolerated_in_both_directions (test_log_stamp_guard.GuardTests.test_clock_slack_is_tolerated_in_both_directions)
Two machines may disagree by minutes; that is skew, not a bad stamp. ... ok
test_future_stamp_is_refused (test_log_stamp_guard.GuardTests.test_future_stamp_is_refused) ... ok
test_good_line_passes (test_log_stamp_guard.GuardTests.test_good_line_passes) ... ok
test_impossible_date_is_refused_with_the_field_order_hint (test_log_stamp_guard.GuardTests.test_impossible_date_is_refused_with_the_field_order_hint) ... ok
test_iso_order_stamp_is_refused_as_an_inversion (test_log_stamp_guard.GuardTests.test_iso_order_stamp_is_refused_as_an_inversion)
The real E-5171 shape: parses, but lands decades before the tail. ... ok
test_later_line_in_the_same_call_is_checked_against_the_earlier_one (test_log_stamp_guard.GuardTests.test_later_line_in_the_same_call_is_checked_against_the_earlier_one) ... ok
test_non_event_lines_pass_through (test_log_stamp_guard.GuardTests.test_non_event_lines_pass_through) ... ok
test_impossible_date_reports_invalid (test_log_stamp_guard.StampParsingTests.test_impossible_date_reports_invalid) ... ok
test_iso_order_is_not_a_valid_day_first_stamp (test_log_stamp_guard.StampParsingTests.test_iso_order_is_not_a_valid_day_first_stamp)
`26.09.01` means day 26 of month 9; it is not 2026-09-01. ... ok
test_non_event_line_is_not_a_stamp (test_log_stamp_guard.StampParsingTests.test_non_event_line_is_not_a_stamp) ... ok
test_the_narrower_shape_is_the_validator_s_job (test_log_ticket_slot.LayerBoundaryTests.test_the_narrower_shape_is_the_validator_s_job)
Which is a WARN -- late and soft, hence the rule in PROTOCOL.md. ... ok
test_the_parser_stops_at_the_prefix (test_log_ticket_slot.LayerBoundaryTests.test_the_parser_stops_at_the_prefix) ... ok
test_the_rule_is_stated_where_a_sub_author_reads_it (test_log_ticket_slot.LayerBoundaryTests.test_the_rule_is_stated_where_a_sub_author_reads_it) ... ok
test_a_line_with_no_ticket_at_all_still_parses (test_log_ticket_slot.TicketSlotTests.test_a_line_with_no_ticket_at_all_still_parses)
Absent is legal; wrong is not. The slot is optional, not permissive. ... ok
test_canonical_ticket_is_read_into_the_slot (test_log_ticket_slot.TicketSlotTests.test_canonical_ticket_is_read_into_the_slot) ... ok
test_subsaipen_ids_are_not_tickets_to_the_parser (test_log_ticket_slot.TicketSlotTests.test_subsaipen_ids_are_not_tickets_to_the_parser)
The failure the rule exists to prevent, in every advertised prefix. ... ok
test_the_explicit_no_ticket_marker_is_legal (test_log_ticket_slot.TicketSlotTests.test_the_explicit_no_ticket_marker_is_legal) ... ok
test_a_behavioral_pass_counts_as_machine_re_runnable (test_metrics_acceptance.AcceptanceSectionTests.test_a_behavioral_pass_counts_as_machine_re_runnable) ... ok
test_a_board_with_no_declared_criteria_counts_nothing (test_metrics_acceptance.AcceptanceSectionTests.test_a_board_with_no_declared_criteria_counts_nothing) ... ok
test_a_failed_criterion_is_reported_as_failed (test_metrics_acceptance.AcceptanceSectionTests.test_a_failed_criterion_is_reported_as_failed) ... ok
test_an_inspection_pass_counts_as_a_human_assertion (test_metrics_acceptance.AcceptanceSectionTests.test_an_inspection_pass_counts_as_a_human_assertion) ... ok
test_an_unknown_result_is_evidence_but_never_satisfies (test_metrics_acceptance.AcceptanceSectionTests.test_an_unknown_result_is_evidence_but_never_satisfies)
UNKNOWN records the reasoning without claiming the criterion is met. ... ok
test_conflicting_records_are_contested_not_quietly_satisfied (test_metrics_acceptance.AcceptanceSectionTests.test_conflicting_records_are_contested_not_quietly_satisfied) ... ok
test_declared_criteria_without_evidence_are_unverified_not_satisfied (test_metrics_acceptance.AcceptanceSectionTests.test_declared_criteria_without_evidence_are_unverified_not_satisfied) ... ok
test_evidence_naming_an_undeclared_criterion_is_surfaced (test_metrics_acceptance.AcceptanceSectionTests.test_evidence_naming_an_undeclared_criterion_is_surfaced) ... ok
test_sealed_segments_are_read_so_old_proof_still_counts (test_metrics_acceptance.AcceptanceSectionTests.test_sealed_segments_are_read_so_old_proof_still_counts) ... ok
test_the_criterion_parser_is_the_engine_s_and_not_a_second_one (test_metrics_acceptance.AcceptanceSectionTests.test_the_criterion_parser_is_the_engine_s_and_not_a_second_one)
A second parser would drift; the report would stop matching the CLI. ... ok
test_the_import_is_one_way (test_metrics_acceptance.AcceptanceSectionTests.test_the_import_is_one_way) ... ok
test_the_split_is_the_point_and_both_halves_sum_to_satisfied (test_metrics_acceptance.AcceptanceSectionTests.test_the_split_is_the_point_and_both_halves_sum_to_satisfied) ... ok
test_a_known_class_is_counted_by_class (test_metrics_acceptance.EscapedDefectTaxonomyTests.test_a_known_class_is_counted_by_class) ... ok
test_an_unknown_class_does_not_suppress_the_known_ones (test_metrics_acceptance.EscapedDefectTaxonomyTests.test_an_unknown_class_does_not_suppress_the_known_ones) ... ok
test_an_unknown_class_is_named_and_never_silently_accepted (test_metrics_acceptance.EscapedDefectTaxonomyTests.test_an_unknown_class_is_named_and_never_silently_accepted) ... ok
test_no_marker_declares_nothing (test_metrics_acceptance.EscapedDefectTaxonomyTests.test_no_marker_declares_nothing) ... ok
test_the_class_is_case_insensitive_on_the_way_in (test_metrics_acceptance.EscapedDefectTaxonomyTests.test_the_class_is_case_insensitive_on_the_way_in) ... ok
test_the_reported_vocabulary_is_the_constant (test_metrics_acceptance.EscapedDefectTaxonomyTests.test_the_reported_vocabulary_is_the_constant) ... ok
test_the_vocabulary_is_a_closed_set (test_metrics_acceptance.EscapedDefectTaxonomyTests.test_the_vocabulary_is_a_closed_set) ... ok
test_the_live_board_reports_without_error (test_metrics_acceptance.LiveProjectTests.test_the_live_board_reports_without_error) ... ok
test_the_rendered_section_names_both_halves_of_satisfied (test_metrics_acceptance.LiveProjectTests.test_the_rendered_section_names_both_halves_of_satisfied) ... ok
test_a_full_run_writes_nothing_under_saipen (test_metrics_acceptance.ObservationalTests.test_a_full_run_writes_nothing_under_saipen) ... ok
test_a_missing_board_degrades_into_a_stated_condition (test_metrics_acceptance.ObservationalTests.test_a_missing_board_degrades_into_a_stated_condition) ... ok
test_an_unreadable_engine_degrades_rather_than_raising (test_metrics_acceptance.ObservationalTests.test_an_unreadable_engine_degrades_rather_than_raising) ... ok
test_the_exit_code_never_depends_on_the_numbers (test_metrics_acceptance.ObservationalTests.test_the_exit_code_never_depends_on_the_numbers)
A gate fails a build. This must not, whatever it counts. ... ok
test_the_section_is_in_the_json_record (test_metrics_acceptance.ObservationalTests.test_the_section_is_in_the_json_record) ... ok
test_a_checkpoint_quoting_the_marker_is_not (test_narrative_authority.AnchoringTests.test_a_checkpoint_quoting_the_marker_is_not)
The live shape: a SCOUT line discussing the marker while diagnosing it. ... ok
test_a_free_note_mentioning_it_is_not (test_narrative_authority.AnchoringTests.test_a_free_note_mentioning_it_is_not) ... ok
test_the_canonical_record_is_authority (test_narrative_authority.AnchoringTests.test_the_canonical_record_is_authority) ... ok
test_this_docstring_would_not_activate_anything (test_narrative_authority.AnchoringTests.test_this_docstring_would_not_activate_anything)
The file explaining the rule must not be able to trigger the rule. ... ok
test_a_grant_at_or_after_the_anomaly_does_cover_it (test_narrative_authority.BoundingTests.test_a_grant_at_or_after_the_anomaly_does_cover_it) ... ok
test_an_expired_grant_suppresses_nothing_later (test_narrative_authority.BoundingTests.test_an_expired_grant_suppresses_nothing_later)
The whole point: a July authorization must not cover September. ... ok
test_authority_before_the_bound_is_excluded (test_narrative_authority.BoundingTests.test_authority_before_the_bound_is_excluded) ... ok
test_prose_mentions_outnumber_nothing_and_are_demoted (test_narrative_authority.LiveJournalTests.test_prose_mentions_outnumber_nothing_and_are_demoted) ... ok
test_an_empty_marker_grants_nothing (test_narrative_authority.ScopeTests.test_an_empty_marker_grants_nothing) ... ok
test_ids_are_returned_so_a_caller_can_bound_its_own_decision (test_narrative_authority.ScopeTests.test_ids_are_returned_so_a_caller_can_bound_its_own_decision)
A boolean cannot be scoped; that is how the class started. ... ok
test_one_grant_does_not_cover_a_different_marker (test_narrative_authority.ScopeTests.test_one_grant_does_not_cover_a_different_marker) ... ok
test_a_run_does_not_grant_a_dec_authority (test_narrative_authority.TaxonomyTests.test_a_run_does_not_grant_a_dec_authority) ... ok
test_several_taxonomies_may_be_declared_explicitly (test_narrative_authority.TaxonomyTests.test_several_taxonomies_may_be_declared_explicitly) ... ok
test_the_declared_taxonomy_does (test_narrative_authority.TaxonomyTests.test_the_declared_taxonomy_does) ... ok
test_all_16_phase_documents_exist (test_protocol_registry.ProtocolRegistryTests.test_all_16_phase_documents_exist) ... ok
test_every_declared_load_budget_is_measured_from_registry (test_protocol_registry.ProtocolRegistryTests.test_every_declared_load_budget_is_measured_from_registry) ... ok
test_golden_command_and_chain_snapshots (test_protocol_registry.ProtocolRegistryTests.test_golden_command_and_chain_snapshots) ... ok
test_missing_registry_phase_fails_instead_of_disappearing (test_protocol_registry.ProtocolRegistryTests.test_missing_registry_phase_fails_instead_of_disappearing) ... ok
test_one_rule_one_owner (test_protocol_registry.ProtocolRegistryTests.test_one_rule_one_owner) ... ok
test_phase_max_median_and_tie_break_are_deterministic (test_protocol_registry.ProtocolRegistryTests.test_phase_max_median_and_tie_break_are_deterministic) ... ok
test_phase_metrics_do_not_change_load_profile_measurement (test_protocol_registry.ProtocolRegistryTests.test_phase_metrics_do_not_change_load_profile_measurement) ... ok
test_phase_metrics_measure_all_registry_phases_and_actual_bytes (test_protocol_registry.ProtocolRegistryTests.test_phase_metrics_measure_all_registry_phases_and_actual_bytes) ... ok
test_phase_preferences_are_registry_owned_and_not_hard_failures (test_protocol_registry.ProtocolRegistryTests.test_phase_preferences_are_registry_owned_and_not_hard_failures) ... ok
test_prose_rewrite_cannot_change_shortcut_behavior (test_protocol_registry.ProtocolRegistryTests.test_prose_rewrite_cannot_change_shortcut_behavior) ... ok
test_registry_absent_fails_closed (test_protocol_registry.ProtocolRegistryTests.test_registry_absent_fails_closed) ... ok
test_registry_confusable_fixture_drives_normalizer (test_protocol_registry.ProtocolRegistryTests.test_registry_confusable_fixture_drives_normalizer) ... ok
test_registry_fixture_drives_resolver (test_protocol_registry.ProtocolRegistryTests.test_registry_fixture_drives_resolver) ... ok
test_registry_malformed_fails_closed (test_protocol_registry.ProtocolRegistryTests.test_registry_malformed_fails_closed) ... ok
test_runtime_closed_sets_derive_from_registry (test_protocol_registry.ProtocolRegistryTests.test_runtime_closed_sets_derive_from_registry) ... ok
test_semantic_facts_name_owner_and_test (test_protocol_registry.ProtocolRegistryTests.test_semantic_facts_name_owner_and_test) ... ok
test_a_run_below_the_cap_is_clean (test_reconcile_valve.ReconcileEndToEndTests.test_a_run_below_the_cap_is_clean) ... ok
test_a_state_already_paused_at_the_cap_is_clean (test_reconcile_valve.ReconcileEndToEndTests.test_a_state_already_paused_at_the_cap_is_clean) ... ok
test_agreeing_counters_at_the_cap_are_not_clean (test_reconcile_valve.ReconcileEndToEndTests.test_agreeing_counters_at_the_cap_are_not_clean) ... ok
test_the_refusal_writes_nothing (test_reconcile_valve.ReconcileEndToEndTests.test_the_refusal_writes_nothing) ... ok
test_a_malformed_counter_is_not_read_as_tripped (test_reconcile_valve.TrippedValveInvariantTests.test_a_malformed_counter_is_not_read_as_tripped)
A bool or a string is the counter-repair path's business, not this one. ... ok
test_a_non_goal_run_owns_no_valve (test_reconcile_valve.TrippedValveInvariantTests.test_a_non_goal_run_owns_no_valve) ... ok
test_a_state_already_stating_the_pause_needs_no_repair (test_reconcile_valve.TrippedValveInvariantTests.test_a_state_already_stating_the_pause_needs_no_repair) ... ok
test_the_counters_are_never_tidied_by_this_rule (test_reconcile_valve.TrippedValveInvariantTests.test_the_counters_are_never_tidied_by_this_rule)
They ARE the tripped condition; only `cc` clears them. ... ok
test_tickets_at_the_cap_refuses_even_when_counters_agree (test_reconcile_valve.TrippedValveInvariantTests.test_tickets_at_the_cap_refuses_even_when_counters_agree) ... ok
test_under_the_caps_is_not_a_trip (test_reconcile_valve.TrippedValveInvariantTests.test_under_the_caps_is_not_a_trip) ... ok
test_waves_at_the_cap_trips_independently (test_reconcile_valve.TrippedValveInvariantTests.test_waves_at_the_cap_trips_independently) ... ok
test_the_finish_gate_does_not_refuse_a_recorded_pair (test_regression_gate.FinishGateTests.test_the_finish_gate_does_not_refuse_a_recorded_pair)
Positive control: it is this gate that changes, not the fixture. ... ok
test_the_finish_gate_refuses_a_missing_pair (test_regression_gate.FinishGateTests.test_the_finish_gate_refuses_a_missing_pair) ... ok
test_an_honest_pair_is_admitted (test_regression_gate.GateAdmissionTests.test_an_honest_pair_is_admitted)
Same verifier red against the pre-fix subject, green against the post. ... ok
test_re_establishing_the_fail_under_the_new_oracle_admits_it (test_regression_gate.GateAdmissionTests.test_re_establishing_the_fail_under_the_new_oracle_admits_it)
The legitimate-test-change escape path, end to end. ... ok
test_the_recorded_pair_does_not_break_ordinary_verification (test_regression_gate.GateAdmissionTests.test_the_recorded_pair_does_not_break_ordinary_verification)
The two channels must not fight. ... ok
test_a_green_run_alone_does_not_leave_verify (test_regression_gate.GateRefusalTests.test_a_green_run_alone_does_not_leave_verify)
The headline. `PASS conf: high` used to be the whole gate. ... ok
test_a_pass_with_no_recorded_fail_is_refused (test_regression_gate.GateRefusalTests.test_a_pass_with_no_recorded_fail_is_refused) ... ok
test_a_weakened_oracle_is_refused_although_the_suite_is_green (test_regression_gate.GateRefusalTests.test_a_weakened_oracle_is_refused_although_the_suite_is_green)
Same subject, moved verifier: the classic greenwash. ... ok
test_moving_both_sides_at_once_is_refused_as_unattributable (test_regression_gate.GateRefusalTests.test_moving_both_sides_at_once_is_refused_as_unattributable) ... ok
test_prose_about_the_evidence_is_not_evidence (test_regression_gate.GateRefusalTests.test_prose_about_the_evidence_is_not_evidence)
Anchoring: a line DESCRIBING a record is not that record. ... ok
test_the_refusal_writes_nothing (test_regression_gate.GateRefusalTests.test_the_refusal_writes_nothing) ... ok
test_an_ordinary_ticket_is_completely_unaffected (test_regression_gate.UndeclaredTicketTests.test_an_ordinary_ticket_is_completely_unaffected) ... ok
test_an_unrecognised_value_does_not_arm_the_gate (test_regression_gate.UndeclaredTicketTests.test_an_unrecognised_value_does_not_arm_the_gate)
A typo must not silently arm the strictest check in the chain. ... ok
test_repeated_cc_not_psychology (test_repeated_cc.RepeatedCcTests.test_repeated_cc_not_psychology) ... ok
test_same_next_action_not_same_state (test_repeated_cc.RepeatedCcTests.test_same_next_action_not_same_state) ... ok
test_no_directory_reads_as_not_scanned (test_saipen_metrics.EmptyWindowReportingTests.test_no_directory_reads_as_not_scanned) ... ok
test_scanned_but_empty_window_says_so_and_keeps_the_file_count (test_saipen_metrics.EmptyWindowReportingTests.test_scanned_but_empty_window_says_so_and_keeps_the_file_count) ... ok
test_event_date_normalised_and_unparseable_is_empty (test_saipen_metrics.LogParsingTests.test_event_date_normalised_and_unparseable_is_empty)
A window filter that cannot read a stamp must drop it, never guess it. ... ok
test_live_log_parses (test_saipen_metrics.LogParsingTests.test_live_log_parses)
The real journal must parse; a shape change must not read as silence. ... ok
test_missing_log_is_empty_not_crash (test_saipen_metrics.LogParsingTests.test_missing_log_is_empty_not_crash) ... ok
test_optional_brackets (test_saipen_metrics.LogParsingTests.test_optional_brackets) ... ok
test_collect_and_render (test_saipen_metrics.ReportTests.test_collect_and_render) ... ok
test_backward_transition_counts_as_rework (test_saipen_metrics.SignalTests.test_backward_transition_counts_as_rework) ... ok
test_forward_only_is_not_rework (test_saipen_metrics.SignalTests.test_forward_only_is_not_rework) ... ok
test_handoff_counted_once_per_change (test_saipen_metrics.SignalTests.test_handoff_counted_once_per_change) ... ok
test_same_phase_reentry_is_not_counted_as_backward (test_saipen_metrics.SignalTests.test_same_phase_reentry_is_not_counted_as_backward)
A retry or a duplicate journal event is not a phase that went backwards. ... ok
test_product_paths_are_not (test_saipen_metrics.SurfaceTests.test_product_paths_are_not) ... ok
test_protocol_paths_are_self_surface (test_saipen_metrics.SurfaceTests.test_protocol_paths_are_self_surface) ... ok
test_missing_directory_is_not_free (test_saipen_metrics.TranscriptTests.test_missing_directory_is_not_free)
An unreadable transcript store must never read as zero cost. ... ok
test_ratio_is_withheld_when_the_sample_cannot_be_aligned (test_saipen_metrics.TranscriptTests.test_ratio_is_withheld_when_the_sample_cannot_be_aligned)
"Not attributable from existing evidence" must beat an attractive ratio. ... ok
test_records_before_the_window_are_excluded (test_saipen_metrics.TranscriptTests.test_records_before_the_window_are_excluded)
A wider sample divided by a windowed ticket count would overstate cost. ... ok
test_undated_usage_is_counted_not_silently_windowed (test_saipen_metrics.TranscriptTests.test_undated_usage_is_counted_not_silently_windowed) ... ok
test_usage_summed_and_priced (test_saipen_metrics.TranscriptTests.test_usage_summed_and_priced) ... ok
test_zero_closures_withholds_with_a_reason_and_still_renders (test_saipen_metrics.TranscriptTests.test_zero_closures_withholds_with_a_reason_and_still_renders)
A window that closed nothing has no denominator; say so, do not crash. ... ok
test_basis_is_printed_beside_the_number (test_saipen_metrics.UnitHonestyTests.test_basis_is_printed_beside_the_number) ... ok
test_unit_basis_denies_a_monetary_reading (test_saipen_metrics.UnitHonestyTests.test_unit_basis_denies_a_monetary_reading)
Output is weighted 1.0 while real output pricing is several times input. ... ok
test_a_bare_date_is_spelled_out_to_midnight (test_saipen_metrics.WindowAnchorTests.test_a_bare_date_is_spelled_out_to_midnight) ... ok
test_today_is_not_an_empty_window (test_saipen_metrics.WindowAnchorTests.test_today_is_not_an_empty_window)
The regression itself: a window naming today must see today. ... skipped 'no commits today in this clone'
test_a_board_with_nothing_to_drop_touches_no_intake (test_sandbox_work_surface.WorkSurface.test_a_board_with_nothing_to_drop_touches_no_intake) ... ok
test_a_corrupt_receipt_or_index_never_raises (test_sandbox_work_surface.WorkSurface.test_a_corrupt_receipt_or_index_never_raises) ... ok
test_a_receipt_linked_to_removed_work_is_unlinked (test_sandbox_work_surface.WorkSurface.test_a_receipt_linked_to_removed_work_is_unlinked) ... ok
test_a_receipt_linked_to_surviving_work_is_untouched (test_sandbox_work_surface.WorkSurface.test_a_receipt_linked_to_surviving_work_is_untouched) ... ok
test_a_receipt_naming_work_that_never_existed_stays_dangling (test_sandbox_work_surface.WorkSurface.test_a_receipt_naming_work_that_never_existed_stays_dangling) ... ok
test_an_unlinked_receipt_is_left_alone (test_sandbox_work_surface.WorkSurface.test_an_unlinked_receipt_is_left_alone) ... ok
test_done_and_doing_are_emptied_and_todo_survives_verbatim (test_sandbox_work_surface.WorkSurface.test_done_and_doing_are_emptied_and_todo_survives_verbatim) ... ok
test_complete_and_reconcile_and_invalid (test_self_resolving_gates.DispositionClassifierTests.test_complete_and_reconcile_and_invalid) ... ok
test_explicit_human_boundary_only_source_of_wait_user (test_self_resolving_gates.DispositionClassifierTests.test_explicit_human_boundary_only_source_of_wait_user) ... ok
test_external_boundary_is_never_user_courier (test_self_resolving_gates.DispositionClassifierTests.test_external_boundary_is_never_user_courier) ... ok
test_incident_shape_two_internal_actions_still_execute_self (test_self_resolving_gates.DispositionClassifierTests.test_incident_shape_two_internal_actions_still_execute_self)
INC-MUSE-SHIP-INTERNAL-CHOICE-001: collect-vs-repair is agent work. ... ok
test_unstructured_carrier_fails_closed_invalid (test_self_resolving_gates.DispositionClassifierTests.test_unstructured_carrier_fails_closed_invalid) ... ok
test_explain_next_accepts_no_arguments (test_self_resolving_gates.ExplainNextDiagnosticTests.test_explain_next_accepts_no_arguments) ... ok
test_explain_next_reports_owner_agent_for_internal_stage (test_self_resolving_gates.ExplainNextDiagnosticTests.test_explain_next_reports_owner_agent_for_internal_stage) ... ok
test_classifier_never_reads_titles (test_self_resolving_gates.LabelVsContentTests.test_classifier_never_reads_titles) ... ok
test_actionable_stale_never_classifies_blocked_even_if_vocab_allows (test_self_resolving_gates.SemanticTruthTests.test_actionable_stale_never_classifies_blocked_even_if_vocab_allows) ... ok
test_blocked_reserved_for_no_executable_path (test_self_resolving_gates.SemanticTruthTests.test_blocked_reserved_for_no_executable_path) ... ok
test_missing_disposition_or_evidence_fails_per_finding (test_self_resolving_gates.TraceabilityTests.test_missing_disposition_or_evidence_fails_per_finding) ... ok
test_umbrella_with_full_mapping_passes (test_self_resolving_gates.TraceabilityTests.test_umbrella_with_full_mapping_passes) ... ok
test_umbrella_without_mapping_is_laundering (test_self_resolving_gates.TraceabilityTests.test_umbrella_without_mapping_is_laundering) ... ok
test_verification_must_be_explicit_not_inferred (test_self_resolving_gates.TraceabilityTests.test_verification_must_be_explicit_not_inferred) ... ok
test_genuine_product_choice_passes (test_self_resolving_gates.UserWaitProofTests.test_genuine_product_choice_passes) ... ok
test_operational_choice_cannot_be_laundered_into_wait (test_self_resolving_gates.UserWaitProofTests.test_operational_choice_cannot_be_laundered_into_wait) ... ok
test_vague_need_decision_fails (test_self_resolving_gates.UserWaitProofTests.test_vague_need_decision_fails) ... ok
test_inc_archive_context_pollution_001 (test_source_receipts.SourceReceiptTests.test_inc_archive_context_pollution_001) ... ok
test_inc_lossy_work_summary_001_cold_agent_recovers_full_intent (test_source_receipts.SourceReceiptTests.test_inc_lossy_work_summary_001_cold_agent_recovers_full_intent) ... ok
test_inc_repeated_audit_uncertainty_001 (test_source_receipts.SourceReceiptTests.test_inc_repeated_audit_uncertainty_001) ... ok
test_src01_capture_is_verbatim_and_digest_covers_body_only (test_source_receipts.SourceReceiptTests.test_src01_capture_is_verbatim_and_digest_covers_body_only) ... ok
test_src02_crash_body_before_linkage_is_recoverable (test_source_receipts.SourceReceiptTests.test_src02_crash_body_before_linkage_is_recoverable) ... ok
test_src03_work_never_needed_for_source_durability (test_source_receipts.SourceReceiptTests.test_src03_work_never_needed_for_source_durability) ... ok
test_src04_exact_duplicate_reuses_identity (test_source_receipts.SourceReceiptTests.test_src04_exact_duplicate_reuses_identity) ... ok
test_src05_closed_duplicate_reports_history_without_reopen (test_source_receipts.SourceReceiptTests.test_src05_closed_duplicate_reports_history_without_reopen) ... ok
test_src06_one_character_change_is_new_source (test_source_receipts.SourceReceiptTests.test_src06_one_character_change_is_new_source) ... ok
test_src07_amendment_is_new_immutable_receipt (test_source_receipts.SourceReceiptTests.test_src07_amendment_is_new_immutable_receipt) ... ok
test_src08_dropped_contract_clause_is_detected (test_source_receipts.SourceReceiptTests.test_src08_dropped_contract_clause_is_detected) ... ok
test_src09_board_summary_cannot_replace_linked_source (test_source_receipts.SourceReceiptTests.test_src09_board_summary_cannot_replace_linked_source) ... ok
test_src10_cold_context_exposes_identity_not_body (test_source_receipts.SourceReceiptTests.test_src10_cold_context_exposes_identity_not_body) ... ok
test_src11_done_gate_rejects_one_unresolved_clause (test_source_receipts.SourceReceiptTests.test_src11_done_gate_rejects_one_unresolved_clause) ... ok
test_src12_umbrella_done_requires_all_17_dispositions (test_source_receipts.SourceReceiptTests.test_src12_umbrella_done_requires_all_17_dispositions) ... ok
test_src13_modified_body_fails_closed (test_source_receipts.SourceReceiptTests.test_src13_modified_body_fails_closed) ... ok
test_src14_deleted_active_body_is_validation_failure (test_source_receipts.SourceReceiptTests.test_src14_deleted_active_body_is_validation_failure) ... ok
test_src15_close_archives_and_removes_hot_body (test_source_receipts.SourceReceiptTests.test_src15_close_archives_and_removes_hot_body) ... ok
test_src16_archived_body_is_forensic_only (test_source_receipts.SourceReceiptTests.test_src16_archived_body_is_forensic_only) ... ok
test_src17_purge_keeps_honest_tombstone (test_source_receipts.SourceReceiptTests.test_src17_purge_keeps_honest_tombstone) ... ok
test_src18_no_receipts_means_no_files_or_context_noise (test_source_receipts.SourceReceiptTests.test_src18_no_receipts_means_no_files_or_context_noise) ... ok
test_src19_non_actionable_examples_do_not_become_fake_requirements (test_source_receipts.SourceReceiptTests.test_src19_non_actionable_examples_do_not_become_fake_requirements) ... ok
test_src20_terminal_disposition_requires_evidence_and_verification (test_source_receipts.SourceReceiptTests.test_src20_terminal_disposition_requires_evidence_and_verification) ... ok
test_src21_contract_digest_drift_blocks_work_closure (test_source_receipts.SourceReceiptTests.test_src21_contract_digest_drift_blocks_work_closure) ... ok
test_src22_source_body_is_never_command_input (test_source_receipts.SourceReceiptTests.test_src22_source_body_is_never_command_input) ... ok
test_src23_context_audit_counts_active_body_exactly_once (test_source_receipts.SourceReceiptTests.test_src23_context_audit_counts_active_body_exactly_once) ... ok
test_src24_ids_are_monotonic_even_with_orphan_gap (test_source_receipts.SourceReceiptTests.test_src24_ids_are_monotonic_even_with_orphan_gap) ... ok
test_src25_cli_file_capture_keeps_flags_out_of_body (test_source_receipts.SourceReceiptTests.test_src25_cli_file_capture_keeps_flags_out_of_body) ... ok
test_src26_linked_active_work_prevents_source_close (test_source_receipts.SourceReceiptTests.test_src26_linked_active_work_prevents_source_close) ... ok
test_src27_dry_run_creates_no_intake_or_lock (test_source_receipts.SourceReceiptTests.test_src27_dry_run_creates_no_intake_or_lock) ... ok
test_src28_malformed_ledger_fails_without_rewrite (test_source_receipts.SourceReceiptTests.test_src28_malformed_ledger_fails_without_rewrite) ... ok
test_src29_purge_cli_requires_confirmation (test_source_receipts.SourceReceiptTests.test_src29_purge_cli_requires_confirmation) ... ok
test_src30_integrated_30_clause_resume_and_closure (test_source_receipts.SourceReceiptTests.test_src30_integrated_30_clause_resume_and_closure) ... ok
test_src31_capture_criteria_are_bounded_not_length_only (test_source_receipts.SourceReceiptTests.test_src31_capture_criteria_are_bounded_not_length_only) ... ok
test_src32_receipt_id_cannot_traverse_project_paths (test_source_receipts.SourceReceiptTests.test_src32_receipt_id_cannot_traverse_project_paths) ... ok
test_absence_is_inactive_and_creates_nothing (test_userperson_global.GlobalUserpersonTests.test_absence_is_inactive_and_creates_nothing) ... ok
test_context_absence_is_silent (test_userperson_global.GlobalUserpersonTests.test_context_absence_is_silent) ... ok
test_context_and_brief_expose_compact_activation_only (test_userperson_global.GlobalUserpersonTests.test_context_and_brief_expose_compact_activation_only) ... ok
test_context_audit_accounts_each_active_source_once (test_userperson_global.GlobalUserpersonTests.test_context_audit_accounts_each_active_source_once) ... ok
test_effective_fingerprint_includes_layer_provenance (test_userperson_global.GlobalUserpersonTests.test_effective_fingerprint_includes_layer_provenance) ... ok
test_effective_mutation_refuses_without_writes (test_userperson_global.GlobalUserpersonTests.test_effective_mutation_refuses_without_writes) ... ok
test_effective_outside_project_refuses (test_userperson_global.GlobalUserpersonTests.test_effective_outside_project_refuses) ... ok
test_effective_projection_is_bounded_and_keeps_provenance (test_userperson_global.GlobalUserpersonTests.test_effective_projection_is_bounded_and_keeps_provenance) ... ok
test_empty_global_category_or_preference_is_malformed (test_userperson_global.GlobalUserpersonTests.test_empty_global_category_or_preference_is_malformed) ... ok
test_exact_duplicate_collapses_to_project (test_userperson_global.GlobalUserpersonTests.test_exact_duplicate_collapses_to_project) ... ok
test_global_cli_works_outside_project (test_userperson_global.GlobalUserpersonTests.test_global_cli_works_outside_project) ... ok
test_global_config_never_poison_project_root (test_userperson_global.GlobalUserpersonTests.test_global_config_never_poison_project_root) ... ok
test_global_credential_is_redacted_before_persistence (test_userperson_global.GlobalUserpersonTests.test_global_credential_is_redacted_before_persistence) ... ok
test_global_dry_run_creates_nothing (test_userperson_global.GlobalUserpersonTests.test_global_dry_run_creates_nothing) ... ok
test_global_only_has_provenance (test_userperson_global.GlobalUserpersonTests.test_global_only_has_provenance) ... ok
test_global_remove_absent_stays_off_and_creates_nothing (test_userperson_global.GlobalUserpersonTests.test_global_remove_absent_stays_off_and_creates_nothing) ... ok
test_global_reset_does_not_touch_project (test_userperson_global.GlobalUserpersonTests.test_global_reset_does_not_touch_project) ... ok
test_global_reset_dry_run_changes_nothing_and_creates_no_lock (test_userperson_global.GlobalUserpersonTests.test_global_reset_dry_run_changes_nothing_and_creates_no_lock) ... ok
test_global_reset_requires_confirmation (test_userperson_global.GlobalUserpersonTests.test_global_reset_requires_confirmation) ... ok
test_global_show_absent_creates_nothing (test_userperson_global.GlobalUserpersonTests.test_global_show_absent_creates_nothing) ... ok
test_global_text_show_redacts_manually_present_credential (test_userperson_global.GlobalUserpersonTests.test_global_text_show_redacts_manually_present_credential) ... ok
test_global_writer_busy_is_controlled (test_userperson_global.GlobalUserpersonTests.test_global_writer_busy_is_controlled) ... ok
test_inactive_sub_status_keeps_legacy_surface (test_userperson_global.GlobalUserpersonTests.test_inactive_sub_status_keeps_legacy_surface) ... ok
test_legacy_star_bullets_load_and_next_write_is_canonical (test_userperson_global.GlobalUserpersonTests.test_legacy_star_bullets_load_and_next_write_is_canonical) ... ok
test_lexical_conflict_is_not_semantically_deduplicated (test_userperson_global.GlobalUserpersonTests.test_lexical_conflict_is_not_semantically_deduplicated) ... ok
test_malformed_global_cli_is_controlled_without_traceback (test_userperson_global.GlobalUserpersonTests.test_malformed_global_cli_is_controlled_without_traceback) ... ok
test_malformed_global_context_is_controlled_without_traceback (test_userperson_global.GlobalUserpersonTests.test_malformed_global_context_is_controlled_without_traceback) ... ok
test_malformed_global_refuses_before_mutation (test_userperson_global.GlobalUserpersonTests.test_malformed_global_refuses_before_mutation) ... ok
test_malformed_global_refuses_crew_before_project_mutation (test_userperson_global.GlobalUserpersonTests.test_malformed_global_refuses_crew_before_project_mutation) ... ok
test_malformed_global_sub_status_is_controlled (test_userperson_global.GlobalUserpersonTests.test_malformed_global_sub_status_is_controlled) ... ok
test_platform_path_resolution_is_deterministic_and_never_dot_saipen (test_userperson_global.GlobalUserpersonTests.test_platform_path_resolution_is_deterministic_and_never_dot_saipen) ... ok
test_profile_directory_is_refused_as_external_content (test_userperson_global.GlobalUserpersonTests.test_profile_directory_is_refused_as_external_content) ... ok
test_project_only_has_provenance (test_userperson_global.GlobalUserpersonTests.test_project_only_has_provenance) ... ok
test_project_validator_does_not_consume_global_profile (test_userperson_global.GlobalUserpersonTests.test_project_validator_does_not_consume_global_profile) ... ok
test_real_sub_status_carries_bounded_effective_projection (test_userperson_global.GlobalUserpersonTests.test_real_sub_status_carries_bounded_effective_projection) ... ok
test_scope_conflict_refuses_without_writes (test_userperson_global.GlobalUserpersonTests.test_scope_conflict_refuses_without_writes) ... ok
test_unrelated_layers_survive_project_first (test_userperson_global.GlobalUserpersonTests.test_unrelated_layers_survive_project_first) ... ok
test_A_concurrent_ee_qq_allowed (test_v7_producer_parallelism.V7Test.test_A_concurrent_ee_qq_allowed) ... ok
test_B_ee_ee_serialized (test_v7_producer_parallelism.V7Test.test_B_ee_ee_serialized) ... ok
test_C_qq_qq_serialized (test_v7_producer_parallelism.V7Test.test_C_qq_qq_serialized) ... ok
test_D_crash_leaves_no_ready (test_v7_producer_parallelism.V7Test.test_D_crash_leaves_no_ready) ... ok
test_E_stale_epoch_cannot_publish (test_v7_producer_parallelism.V7Test.test_E_stale_epoch_cannot_publish) ... ok
test_F_idempotent_duplicate_prepare (test_v7_producer_parallelism.V7Test.test_F_idempotent_duplicate_prepare) ... ok
test_G_translate_first_wiki_compatible_drift (test_v7_producer_parallelism.V7Test.test_G_translate_first_wiki_compatible_drift) ... ok
test_H_translate_changes_wiki_read_dep_stale (test_v7_producer_parallelism.V7Test.test_H_translate_changes_wiki_read_dep_stale) ... ok
test_I_same_output_second_refused (test_v7_producer_parallelism.V7Test.test_I_same_output_second_refused) ... ok
test_J_core_unrelated_change_usable (test_v7_producer_parallelism.V7Test.test_J_core_unrelated_change_usable) ... ok
test_K_core_changes_declared_input_stale (test_v7_producer_parallelism.V7Test.test_K_core_changes_declared_input_stale) ... ok
test_L_producer_core_mutation_denied (test_v7_producer_parallelism.V7Test.test_L_producer_core_mutation_denied) ... ok
test_M_restart_recovery_no_false_ready (test_v7_producer_parallelism.V7Test.test_M_restart_recovery_no_false_ready) ... ok
test_N_serialized_through_core_writer_lock (test_v7_producer_parallelism.V7Test.test_N_serialized_through_core_writer_lock) ... ok
test_O_ready_reopen_is_strict_and_payload_bound (test_v7_producer_parallelism.V7Test.test_O_ready_reopen_is_strict_and_payload_bound) ... ok
test_P_integration_is_journaled_then_leaves_hot_ready (test_v7_producer_parallelism.V7Test.test_P_integration_is_journaled_then_leaves_hot_ready) ... ok
test_Q_completed_history_does_not_grow_hot_ready_set (test_v7_producer_parallelism.V7Test.test_Q_completed_history_does_not_grow_hot_ready_set) ... ok
test_w2_001_cross_role_package_refused (test_v7_producer_parallelism.V7Test.test_w2_001_cross_role_package_refused) ... ok
test_w2_001_normal_generation_publishes (test_v7_producer_parallelism.V7Test.test_w2_001_normal_generation_publishes) ... ok
test_w2_001_takeover_epoch_cannot_publish_old_generation (test_v7_producer_parallelism.V7Test.test_w2_001_takeover_epoch_cannot_publish_old_generation) ... ok
test_w2_001_tampered_manifest_refused (test_v7_producer_parallelism.V7Test.test_w2_001_tampered_manifest_refused) ... ok
test_w2_002_malformed_ready_json_refused (test_v7_producer_parallelism.V7Test.test_w2_002_malformed_ready_json_refused) ... ok
test_w2_002_ready_filename_identity_mismatch_refused (test_v7_producer_parallelism.V7Test.test_w2_002_ready_filename_identity_mismatch_refused)
A strictly valid READY stored under another identity's filename is ... ok
test_w2_002_ready_missing_payload_bytes_refused (test_v7_producer_parallelism.V7Test.test_w2_002_ready_missing_payload_bytes_refused) ... ok
test_w2_002_ready_missing_payload_hashes_refused (test_v7_producer_parallelism.V7Test.test_w2_002_ready_missing_payload_hashes_refused) ... ok
test_w2_002_ready_with_wrong_producer_refused (test_v7_producer_parallelism.V7Test.test_w2_002_ready_with_wrong_producer_refused) ... ok
test_w2_002_staging_shaped_ready_refused (test_v7_producer_parallelism.V7Test.test_w2_002_staging_shaped_ready_refused) ... ok
test_w2_002_valid_strict_ready_reused_once (test_v7_producer_parallelism.V7Test.test_w2_002_valid_strict_ready_reused_once) ... ok
test_w2_003_every_begin_crash_cut_is_classifiable_after_takeover (test_v7_producer_parallelism.V7Test.test_w2_003_every_begin_crash_cut_is_classifiable_after_takeover)
Fault-inject a crash after each `begin()` filesystem step. Every ... ok
test_w2_003_manifest_only_staging_preserved_after_takeover (test_v7_producer_parallelism.V7Test.test_w2_003_manifest_only_staging_preserved_after_takeover) ... ok
test_w2_003_marker_identity_shape_violation_is_invalid_not_deleted (test_v7_producer_parallelism.V7Test.test_w2_003_marker_identity_shape_violation_is_invalid_not_deleted)
W2-003 repair: the FIRST durable carrier must be sufficient by ... ok
test_w2_003_marker_manifest_epoch_mismatch_is_invalid_not_deleted (test_v7_producer_parallelism.V7Test.test_w2_003_marker_manifest_epoch_mismatch_is_invalid_not_deleted) ... ok
test_w2_003_marker_manifest_generation_id_mismatch_is_invalid_not_deleted (test_v7_producer_parallelism.V7Test.test_w2_003_marker_manifest_generation_id_mismatch_is_invalid_not_deleted) ... ok
test_w2_003_marker_only_staging_removed_only_after_takeover (test_v7_producer_parallelism.V7Test.test_w2_003_marker_only_staging_removed_only_after_takeover) ... ok
test_w2_004_duplicate_retirement_is_idempotent_and_never_duplicates_settled (test_v7_producer_parallelism.V7Test.test_w2_004_duplicate_retirement_is_idempotent_and_never_duplicates_settled) ... ok
test_w2_004_retire_a_then_publish_and_retire_b_keeps_both_generations (test_v7_producer_parallelism.V7Test.test_w2_004_retire_a_then_publish_and_retire_b_keeps_both_generations) ... ok
test_w2_004_retirement_cas_blocks_foreign_artifact_at_path (test_v7_producer_parallelism.V7Test.test_w2_004_retirement_cas_blocks_foreign_artifact_at_path) ... ok
test_w2_004_scan_a_publish_b_then_retire_stale_a_leaves_b_ready (test_v7_producer_parallelism.V7Test.test_w2_004_scan_a_publish_b_then_retire_stale_a_leaves_b_ready) ... ok
test_w2_004_settled_collision_with_different_content_refuses (test_v7_producer_parallelism.V7Test.test_w2_004_settled_collision_with_different_content_refuses)
An existing SETTLED destination may be treated idempotently only ... ok
test_w2_004_source_distinct_packages_do_not_alias (test_v7_producer_parallelism.V7Test.test_w2_004_source_distinct_packages_do_not_alias) ... ok
test_bulk_and_single_agree_on_every_case (test_verification_grammar.ClassifierAgreement.test_bulk_and_single_agree_on_every_case) ... ok
test_a_machine_count_claims_from_anywhere (test_verification_grammar.FailureClaims.test_a_machine_count_claims_from_anywhere)
The separator is not a hiding place for a real number. ... ok
test_a_mixed_line_counts_as_failure (test_verification_grammar.FailureClaims.test_a_mixed_line_counts_as_failure) ... ok
test_a_real_failure_count_still_claims_failure (test_verification_grammar.FailureClaims.test_a_real_failure_count_still_claims_failure) ... ok
test_a_verdict_before_the_separator_still_claims (test_verification_grammar.FailureClaims.test_a_verdict_before_the_separator_still_claims)
Narrowing the SCOPE must not narrow the verdict itself. ... ok
test_explicit_negation_still_wins (test_verification_grammar.FailureClaims.test_explicit_negation_still_wins) ... ok
test_narrative_after_the_verdict_is_not_a_claim (test_verification_grammar.FailureClaims.test_narrative_after_the_verdict_is_not_a_claim)
T-1281. Four reproductions, all from one session's real evidence. ... ok
test_no_constant_answer_satisfies_this_class (test_verification_grammar.FailureClaims.test_no_constant_answer_satisfies_this_class)
Red control: neither verdict can be hardcoded. ... ok
test_text_without_the_token_is_not_a_claim (test_verification_grammar.FailureClaims.test_text_without_the_token_is_not_a_claim) ... ok
test_the_zero_exemption_is_not_widened (test_verification_grammar.FailureClaims.test_the_zero_exemption_is_not_widened) ... ok
test_zero_count_forms_are_not_failure_claims (test_verification_grammar.FailureClaims.test_zero_count_forms_are_not_failure_claims) ... ok
test_a_real_failure_is_still_rejected (test_verification_grammar.SingleTicket.test_a_real_failure_is_still_rejected) ... ok
test_a_recorded_human_fail_is_negative_evidence (test_verification_grammar.SingleTicket.test_a_recorded_human_fail_is_negative_evidence) ... ok
test_a_recorded_human_pass_is_a_verdict (test_verification_grammar.SingleTicket.test_a_recorded_human_pass_is_a_verdict) ... ok
test_low_confidence_is_still_rejected (test_verification_grammar.SingleTicket.test_low_confidence_is_still_rejected) ... ok
test_manual_verify_steps_are_not_a_human_verdict (test_verification_grammar.SingleTicket.test_manual_verify_steps_are_not_a_human_verdict)
CORE-003. This test previously asserted the opposite, and that is ... ok
test_no_boundary_is_still_unproven (test_verification_grammar.SingleTicket.test_no_boundary_is_still_unproven) ... ok
test_prose_mentioning_the_token_is_not_a_human_verdict (test_verification_grammar.SingleTicket.test_prose_mentioning_the_token_is_not_a_human_verdict)
Narrative Authority Leakage, the class this module already names. ... ok
test_the_canonical_zero_failure_summary_is_accepted (test_verification_grammar.SingleTicket.test_the_canonical_zero_failure_summary_is_accepted) ... ok
test_the_result_marker_must_begin_the_event (test_verification_grammar.SingleTicket.test_the_result_marker_must_begin_the_event)
Anchoring is the whole property: a sentence CONTAINING it describes it. ... ok
test_a_weakened_oracle_fails_that_control (test_verify_oracle.MutationControlTests.test_a_weakened_oracle_fails_that_control) ... ok
test_restoring_the_bug_under_an_unchanged_oracle_goes_red_again (test_verify_oracle.MutationControlTests.test_restoring_the_bug_under_an_unchanged_oracle_goes_red_again) ... ok
test_the_norm_names_the_pre_fix_subject_as_the_known_bad_input (test_verify_oracle.MutationControlTests.test_the_norm_names_the_pre_fix_subject_as_the_known_bad_input) ... ok
test_a_missing_post_fix_subject_is_inadmissible (test_verify_oracle.SubjectIdentityTests.test_a_missing_post_fix_subject_is_inadmissible) ... ok
test_a_missing_pre_fix_subject_is_inadmissible (test_verify_oracle.SubjectIdentityTests.test_a_missing_pre_fix_subject_is_inadmissible) ... ok
test_a_missing_verifier_on_either_side_is_inadmissible (test_verify_oracle.SubjectIdentityTests.test_a_missing_verifier_on_either_side_is_inadmissible) ... ok
test_both_subjects_missing_is_inadmissible (test_verify_oracle.SubjectIdentityTests.test_both_subjects_missing_is_inadmissible) ... ok
test_no_incomplete_identity_record_is_ever_admissible (test_verify_oracle.SubjectIdentityTests.test_no_incomplete_identity_record_is_ever_admissible)
Exhaustive over the four identity slots: only the full record passes. ... ok
test_the_honest_cases_are_preserved (test_verify_oracle.SubjectIdentityTests.test_the_honest_cases_are_preserved)
The repair must not turn a real fix into a refusal. ... ok
test_buggy_subject_with_a_weakened_oracle_is_green_and_rejected (test_verify_oracle.ThreeWayRegressionTests.test_buggy_subject_with_a_weakened_oracle_is_green_and_rejected) ... ok
test_buggy_subject_with_the_original_oracle_is_red (test_verify_oracle.ThreeWayRegressionTests.test_buggy_subject_with_the_original_oracle_is_red) ... ok
test_changing_both_sides_at_once_is_unattributable (test_verify_oracle.ThreeWayRegressionTests.test_changing_both_sides_at_once_is_unattributable) ... ok
test_fixed_subject_with_the_same_oracle_is_green_and_admissible (test_verify_oracle.ThreeWayRegressionTests.test_fixed_subject_with_the_same_oracle_is_green_and_admissible) ... ok
test_a_pass_to_pass_pair_is_not_a_regression_comparison (test_verify_oracle.VerdictDiscriminationTests.test_a_pass_to_pass_pair_is_not_a_regression_comparison) ... ok
test_an_unrecorded_identity_is_not_a_matching_one (test_verify_oracle.VerdictDiscriminationTests.test_an_unrecorded_identity_is_not_a_matching_one) ... ok
test_no_constant_verdict_can_satisfy_both (test_verify_oracle.VerdictDiscriminationTests.test_no_constant_verdict_can_satisfy_both) ... ok
test_the_escape_path_for_a_legitimate_test_change_is_written_down (test_verify_oracle.VerdictDiscriminationTests.test_the_escape_path_for_a_legitimate_test_change_is_written_down) ... ok
test_the_greenwash_pair_is_not (test_verify_oracle.VerdictDiscriminationTests.test_the_greenwash_pair_is_not) ... ok
test_the_honest_pair_is_admissible (test_verify_oracle.VerdictDiscriminationTests.test_the_honest_pair_is_admissible) ... ok
test_the_reason_always_says_what_to_do_next (test_verify_oracle.VerdictDiscriminationTests.test_the_reason_always_says_what_to_do_next) ... ok
test_the_same_verifier_and_the_same_subject_prove_nothing (test_verify_oracle.VerdictDiscriminationTests.test_the_same_verifier_and_the_same_subject_prove_nothing) ... ok
test_a_parsed_line_feeds_the_verdict_with_no_remapping (test_verify_oracle.VerifierIdentityTests.test_a_parsed_line_feeds_the_verdict_with_no_remapping)
The round trip the two halves have to agree on, end to end. ... ok
test_deleting_the_failing_case_changes_identity (test_verify_oracle.VerifierIdentityTests.test_deleting_the_failing_case_changes_identity) ... ok
test_editing_the_oracle_changes_identity (test_verify_oracle.VerifierIdentityTests.test_editing_the_oracle_changes_identity) ... ok
test_identical_bytes_give_identical_identity (test_verify_oracle.VerifierIdentityTests.test_identical_bytes_give_identical_identity) ... ok
test_identity_tokens_round_trip_through_an_evidence_line (test_verify_oracle.VerifierIdentityTests.test_identity_tokens_round_trip_through_an_evidence_line)
CORE-002: the parser emits the RECORD shape the verdict consumes. ... ok
test_narrowing_the_command_changes_identity_with_files_untouched (test_verify_oracle.VerifierIdentityTests.test_narrowing_the_command_changes_identity_with_files_untouched) ... ok
test_path_order_and_separator_do_not_change_identity (test_verify_oracle.VerifierIdentityTests.test_path_order_and_separator_do_not_change_identity) ... ok
test_board_without_blocked_section_is_reported_not_guessed (test_warn_ownership_probe.WarnProbeBoardSize.test_board_without_blocked_section_is_reported_not_guessed) ... ok
test_every_leg_measures_the_same_board_size_just_under_the_cap (test_warn_ownership_probe.WarnProbeBoardSize.test_every_leg_measures_the_same_board_size_just_under_the_cap)
The failing case: a board one ticket line short of the soft cap. ... ok
test_neutral_and_owner_tickets_are_the_same_length (test_warn_ownership_probe.WarnProbeBoardSize.test_neutral_and_owner_tickets_are_the_same_length) ... ok
test_neutral_slug_is_not_a_tracked_warn_slug (test_warn_ownership_probe.WarnProbeBoardSize.test_neutral_slug_is_not_a_tracked_warn_slug)
The neutral line must own nothing. ... ok
test_owner_slug_appears_only_in_the_owning_line (test_warn_ownership_probe.WarnProbeBoardSize.test_owner_slug_appears_only_in_the_owning_line) ... ok
test_owning_line_is_filed_at_the_end_of_blocked (test_warn_ownership_probe.WarnProbeBoardSize.test_owning_line_is_filed_at_the_end_of_blocked) ... ok
test_forged_receipt_leaves_the_delta_unattributed_and_visible (test_xpatch.ConvergenceAttribution.test_forged_receipt_leaves_the_delta_unattributed_and_visible) ... ok
test_receipt_explained_delta_is_attributed (test_xpatch.ConvergenceAttribution.test_receipt_explained_delta_is_attributed) ... ok
test_target_repair_after_the_patch_stays_attributed (test_xpatch.ConvergenceAttribution.test_target_repair_after_the_patch_stays_attributed) ... ok
test_unexplained_delta_is_unattributed (test_xpatch.ConvergenceAttribution.test_unexplained_delta_is_unattributed) ... ok
test_applied_record_cannot_contradict_its_intent (test_xpatch.CrashWindows.test_applied_record_cannot_contradict_its_intent) ... ok
test_direct_intent_without_applied_still_explains_the_declared_bytes (test_xpatch.CrashWindows.test_direct_intent_without_applied_still_explains_the_declared_bytes)
The real crash window: a direct receipt is durable BEFORE the bytes ... ok
test_disposition_without_apply_refuses (test_xpatch.CrashWindows.test_disposition_without_apply_refuses) ... ok
test_partial_disposition_refuses (test_xpatch.CrashWindows.test_partial_disposition_refuses) ... ok
test_payload_without_intent_is_ignored_not_claimed (test_xpatch.CrashWindows.test_payload_without_intent_is_ignored_not_claimed) ... ok
test_pending_proposal_claims_nothing (test_xpatch.CrashWindows.test_pending_proposal_claims_nothing)
Nobody wrote those bytes yet, so a proposal must not claim them -- ... ok
test_creation_and_deletion_round_trip (test_xpatch.CreationAndDeletion.test_creation_and_deletion_round_trip) ... ok
test_creation_into_a_new_directory_works (test_xpatch.CreationAndDeletion.test_creation_into_a_new_directory_works) ... ok
test_deleting_a_missing_file_refuses (test_xpatch.CreationAndDeletion.test_deleting_a_missing_file_refuses) ... ok
test_no_op_mutation_refuses (test_xpatch.CreationAndDeletion.test_no_op_mutation_refuses) ... ok
test_direct_apply_refuses_and_names_the_gate (test_xpatch.DirectModeStaysGated.test_direct_apply_refuses_and_names_the_gate) ... ok
test_target_may_finish_a_stranded_direct_receipt (test_xpatch.DirectModeStaysGated.test_target_may_finish_a_stranded_direct_receipt)
Mode says who was SUPPOSED to write, not who MAY. A direct receipt ... ok
test_double_apply_refuses (test_xpatch.DriftAndCas.test_double_apply_refuses) ... ok
test_partial_payload_writes_nothing (test_xpatch.DriftAndCas.test_partial_payload_writes_nothing) ... ok
test_revert_refuses_once_the_bytes_moved_on (test_xpatch.DriftAndCas.test_revert_refuses_once_the_bytes_moved_on) ... ok
test_revert_restores_only_its_own_bytes (test_xpatch.DriftAndCas.test_revert_restores_only_its_own_bytes) ... ok
test_target_modification_after_apply_reads_as_conflicting (test_xpatch.DriftAndCas.test_target_modification_after_apply_reads_as_conflicting) ... ok
test_target_moved_before_apply_yields_zero_writes (test_xpatch.DriftAndCas.test_target_moved_before_apply_yields_zero_writes) ... ok
test_foreign_target_lineage_does_not_bind (test_xpatch.ForgedAndForeignReceipts.test_foreign_target_lineage_does_not_bind) ... ok
test_forged_after_hash_is_caught_at_apply (test_xpatch.ForgedAndForeignReceipts.test_forged_after_hash_is_caught_at_apply) ... ok
test_receipt_id_must_match_its_directory (test_xpatch.ForgedAndForeignReceipts.test_receipt_id_must_match_its_directory) ... ok
test_stranger_directory_in_the_namespace_is_a_problem_not_a_claim (test_xpatch.ForgedAndForeignReceipts.test_stranger_directory_in_the_namespace_is_a_problem_not_a_claim) ... ok
test_unreadable_lineage_refuses_to_bind (test_xpatch.ForgedAndForeignReceipts.test_unreadable_lineage_refuses_to_bind) ... ok
test_verification_result_vocabulary_is_closed (test_xpatch.ForgedAndForeignReceipts.test_verification_result_vocabulary_is_closed) ... ok
test_apply_then_verify (test_xpatch.HappyPath.test_apply_then_verify) ... ok
test_repair_supersedes_the_foreign_after_state (test_xpatch.HappyPath.test_repair_supersedes_the_foreign_after_state) ... ok
test_ids_are_unique_and_sequential (test_xpatch.IdAllocation.test_ids_are_unique_and_sequential) ... ok
test_taken_id_is_never_reused (test_xpatch.IdAllocation.test_taken_id_is_never_reused) ... ok
test_backslash_paths_refuse (test_xpatch.NamespaceBoundary.test_backslash_paths_refuse) ... ok
test_path_escape_and_absolute_paths_refuse (test_xpatch.NamespaceBoundary.test_path_escape_and_absolute_paths_refuse) ... ok
test_target_protocol_state_is_never_writable (test_xpatch.NamespaceBoundary.test_target_protocol_state_is_never_writable) ... ok
test_intent_writes_zero_target_source_bytes (test_xpatch.RecordingLeavesTargetSourceUntouched.test_intent_writes_zero_target_source_bytes) ... ok
test_pending_proposal_claims_nothing_live (test_xpatch.RecordingLeavesTargetSourceUntouched.test_pending_proposal_claims_nothing_live) ... ok
test_a_receipt_never_claims_a_path_it_did_not_declare (test_xpatch.UnrelatedDirtStaysUnattributed.test_a_receipt_never_claims_a_path_it_did_not_declare) ... ok
test_before_hash_cas_control_is_red (test_xpatch_controls.ControlsAreRed.test_before_hash_cas_control_is_red) ... ok
test_lineage_binding_control_is_red (test_xpatch_controls.ControlsAreRed.test_lineage_binding_control_is_red) ... ok
test_namespace_boundary_control_is_red (test_xpatch_controls.ControlsAreRed.test_namespace_boundary_control_is_red) ... ok
test_payload_hash_control_is_red (test_xpatch_controls.ControlsAreRed.test_payload_hash_control_is_red) ... ok
test_revert_clobber_control_is_red (test_xpatch_controls.ControlsAreRed.test_revert_clobber_control_is_red) ... ok

----------------------------------------------------------------------
Ran 1228 tests in 193.807s

OK (skipped=2)
