test_absent_metadata_is_unknown_not_false (test_adaptive_runtime.AdaptiveRuntimeTests.test_absent_metadata_is_unknown_not_false) ... ok
test_agent_flag_never_guesses_model_provider_or_capabilities (test_adaptive_runtime.AdaptiveRuntimeTests.test_agent_flag_never_guesses_model_provider_or_capabilities) ... ok
test_bare_runtime_inherits_persisted_agent_without_handover (test_adaptive_runtime.AdaptiveRuntimeTests.test_bare_runtime_inherits_persisted_agent_without_handover) ... ok
test_cli_environment_metadata_and_explicit_precedence (test_adaptive_runtime.AdaptiveRuntimeTests.test_cli_environment_metadata_and_explicit_precedence) ... ok
test_cli_environment_metadata_loads_without_explicit_flag (test_adaptive_runtime.AdaptiveRuntimeTests.test_cli_environment_metadata_loads_without_explicit_flag) ... ok
test_cli_explicit_runtime_info_keeps_agent_separate (test_adaptive_runtime.AdaptiveRuntimeTests.test_cli_explicit_runtime_info_keeps_agent_separate) ... ok
test_duplicate_fields_and_boolean_schema_are_rejected (test_adaptive_runtime.AdaptiveRuntimeTests.test_duplicate_fields_and_boolean_schema_are_rejected) ... ok
test_explicit_metadata_and_tristate_capabilities (test_adaptive_runtime.AdaptiveRuntimeTests.test_explicit_metadata_and_tristate_capabilities) ... ok
test_explicit_path_precedes_environment_path (test_adaptive_runtime.AdaptiveRuntimeTests.test_explicit_path_precedes_environment_path) ... ok
test_malformed_and_non_regular_metadata_fail_controlled (test_adaptive_runtime.AdaptiveRuntimeTests.test_malformed_and_non_regular_metadata_fail_controlled) ... ok
test_malformed_cli_input_has_no_traceback_and_zero_writes (test_adaptive_runtime.AdaptiveRuntimeTests.test_malformed_cli_input_has_no_traceback_and_zero_writes) ... ok
test_oversized_metadata_is_refused_before_parse (test_adaptive_runtime.AdaptiveRuntimeTests.test_oversized_metadata_is_refused_before_parse) ... ok
test_runtime_document_cannot_override_agent_seat (test_adaptive_runtime.AdaptiveRuntimeTests.test_runtime_document_cannot_override_agent_seat) ... ok
test_runtime_info_is_refused_on_non_runtime_command (test_adaptive_runtime.AdaptiveRuntimeTests.test_runtime_info_is_refused_on_non_runtime_command) ... ok
test_runtime_is_classified_read_only_and_canonical_agent_cc_still_routes (test_adaptive_runtime.AdaptiveRuntimeTests.test_runtime_is_classified_read_only_and_canonical_agent_cc_still_routes) ... ok
test_ccc_atomically_records_head_refreshes_claim_and_clears_goal_counters (test_audit_2026_08_27_core.CccAuditTests.test_ccc_atomically_records_head_refreshes_claim_and_clears_goal_counters) ... warning: in the working copy of '.saipen/IDENTITY.md', LF will be replaced by CRLF the next time Git touches it
warning: in the working copy of '.saipen/recovery/settled/.receipt-index.json', LF will be replaced by CRLF the next time Git touches it
warning: in the working copy of '.saipen/recovery/settled/op-migrate-lineage/operation.json', LF will be replaced by CRLF the next time Git touches it
ok
test_ccc_refuses_foreign_live_claim_without_marker_or_state_change (test_audit_2026_08_27_core.CccAuditTests.test_ccc_refuses_foreign_live_claim_without_marker_or_state_change) ... warning: in the working copy of '.saipen/IDENTITY.md', LF will be replaced by CRLF the next time Git touches it
warning: in the working copy of '.saipen/recovery/settled/.receipt-index.json', LF will be replaced by CRLF the next time Git touches it
warning: in the working copy of '.saipen/recovery/settled/op-migrate-lineage/operation.json', LF will be replaced by CRLF the next time Git touches it
ok
test_cli_stop_uses_canonical_owned_transaction (test_audit_2026_08_27_core.StopAuditTests.test_cli_stop_uses_canonical_owned_transaction) ... ok
test_normal_stop_checkpoints_log_board_state_and_digest (test_audit_2026_08_27_core.StopAuditTests.test_normal_stop_checkpoints_log_board_state_and_digest) ... ok
test_read_only_stop_emits_real_digest_projection_and_writes_nothing (test_audit_2026_08_27_core.StopAuditTests.test_read_only_stop_emits_real_digest_projection_and_writes_nothing) ... ok
test_stop_goal_caps_emit_canonical_wait_without_reset (test_audit_2026_08_27_core.StopAuditTests.test_stop_goal_caps_emit_canonical_wait_without_reset) ... ok
test_stop_refuses_foreign_live_claim_with_zero_writes (test_audit_2026_08_27_core.StopAuditTests.test_stop_refuses_foreign_live_claim_with_zero_writes) ... ok
test_ci_fast_unit_uses_the_same_orchestrator (test_audit_2026_08_27_core.TestCommandAuditTests.test_ci_fast_unit_uses_the_same_orchestrator) ... ok
test_injected_failing_family_is_reported_as_overall_failure (test_audit_2026_08_27_core.TestCommandAuditTests.test_injected_failing_family_is_reported_as_overall_failure) ... ok
test_tt_dry_run_is_a_zero_write_non_recursive_plan (test_audit_2026_08_27_core.TestCommandAuditTests.test_tt_dry_run_is_a_zero_write_non_recursive_plan) ... ok
test_old_deterministic_temp_links_are_never_used (test_audit_2026_08_27_w2.JournalIntermediateOwnershipTests.test_old_deterministic_temp_links_are_never_used) ... ok
test_start_refuses_preexisting_staged_symlink (test_audit_2026_08_27_w2.JournalIntermediateOwnershipTests.test_start_refuses_preexisting_staged_symlink) ... ok
test_two_parallel_identical_observations_preserve_sequence (test_audit_2026_08_27_w2.LivenessRaceTests.test_two_parallel_identical_observations_preserve_sequence) ... ok
test_core_lock_final_symlink_refused (test_audit_2026_08_27_w2.LockOwnershipTests.test_core_lock_final_symlink_refused) ... ok
test_generic_lock_final_symlink_refused (test_audit_2026_08_27_w2.LockOwnershipTests.test_generic_lock_final_symlink_refused) ... ok
test_open_failure_unwinds_every_reservation (test_audit_2026_08_27_w2.LockOwnershipTests.test_open_failure_unwinds_every_reservation) ... ok
test_post_open_failure_unwinds_every_reservation (test_audit_2026_08_27_w2.LockOwnershipTests.test_post_open_failure_unwinds_every_reservation) ... ok
test_producer_lock_final_symlink_refused (test_audit_2026_08_27_w2.LockOwnershipTests.test_producer_lock_final_symlink_refused) ... ok
test_external_epoch_symlink_never_becomes_authority (test_audit_2026_08_27_w2.ProducerDescendantOwnershipTests.test_external_epoch_symlink_never_becomes_authority) ... ok
test_generation_authority_cannot_be_relabelled (test_audit_2026_08_27_w2.ProducerDescendantOwnershipTests.test_generation_authority_cannot_be_relabelled) ... ok
test_nested_payload_parent_symlink_blocks_write (test_audit_2026_08_27_w2.ProducerDescendantOwnershipTests.test_nested_payload_parent_symlink_blocks_write) ... ok
test_ready_reuse_rejects_partial_existing_authority (test_audit_2026_08_27_w2.ProducerDescendantOwnershipTests.test_ready_reuse_rejects_partial_existing_authority) ... ok
test_ready_symlink_blocks_publication (test_audit_2026_08_27_w2.ProducerDescendantOwnershipTests.test_ready_symlink_blocks_publication) ... ok
test_source_bound_packages_and_retirement_are_non_aliasing (test_audit_2026_08_27_w2.ProducerDescendantOwnershipTests.test_source_bound_packages_and_retirement_are_non_aliasing) ... ok
test_staging_root_symlink_blocks_begin_and_recovery (test_audit_2026_08_27_w2.ProducerDescendantOwnershipTests.test_staging_root_symlink_blocks_begin_and_recovery) ... ok
test_archived_coverage_adding_unknown_requirement_refuses (test_audit_2026_08_28_all3.CoreArchiveSettlementTamperTests.test_archived_coverage_adding_unknown_requirement_refuses) ... ok
test_archived_coverage_changing_class_actionable_and_text_refuses (test_audit_2026_08_28_all3.CoreArchiveSettlementTamperTests.test_archived_coverage_changing_class_actionable_and_text_refuses) ... ok
test_archived_coverage_downgrading_terminal_disposition_refuses (test_audit_2026_08_28_all3.CoreArchiveSettlementTamperTests.test_archived_coverage_downgrading_terminal_disposition_refuses) ... ok
test_archived_coverage_dropping_contract_requirement_refuses (test_audit_2026_08_28_all3.CoreArchiveSettlementTamperTests.test_archived_coverage_dropping_contract_requirement_refuses) ... ok
test_archived_coverage_removing_evidence_refuses (test_audit_2026_08_28_all3.CoreArchiveSettlementTamperTests.test_archived_coverage_removing_evidence_refuses) ... ok
test_archived_coverage_removing_verification_refuses (test_audit_2026_08_28_all3.CoreArchiveSettlementTamperTests.test_archived_coverage_removing_verification_refuses) ... ok
test_untampered_interrupted_close_settles_idempotently (test_audit_2026_08_28_all3.CoreArchiveSettlementTamperTests.test_untampered_interrupted_close_settles_idempotently) ... ok
test_archived_coverage_and_contract_must_agree_when_both_carriers_exist (test_audit_2026_08_28_all3.CoreArchiveStrictBundleTests.test_archived_coverage_and_contract_must_agree_when_both_carriers_exist) ... ok
test_archived_metadata_must_carry_received_at_utc (test_audit_2026_08_28_all3.CoreArchiveStrictBundleTests.test_archived_metadata_must_carry_received_at_utc) ... ok
test_archived_redaction_digest_must_equal_archived_body (test_audit_2026_08_28_all3.CoreArchiveStrictBundleTests.test_archived_redaction_digest_must_equal_archived_body) ... ok
test_malformed_out_of_band_sibling_fails_closed (test_audit_2026_08_28_all3.CoreConformanceAppendRaceTests.test_malformed_out_of_band_sibling_fails_closed) ... ok
test_valid_out_of_band_sibling_does_not_advance_append_proof (test_audit_2026_08_28_all3.CoreConformanceAppendRaceTests.test_valid_out_of_band_sibling_does_not_advance_append_proof) ... ok
test_valid_out_of_band_sibling_never_becomes_the_indexed_latest (test_audit_2026_08_28_all3.CoreConformanceAppendRaceTests.test_valid_out_of_band_sibling_never_becomes_the_indexed_latest)
With foreign history present, the O(1) locator must not launder the ... ok
test_added_covered_unlinked_receipt_drifts_planned_authority (test_audit_2026_08_28_all3.CorePlanAuthorityDriftTests.test_added_covered_unlinked_receipt_drifts_planned_authority) ... ok
test_archived_receipt_drifts_planned_authority (test_audit_2026_08_28_all3.CorePlanAuthorityDriftTests.test_archived_receipt_drifts_planned_authority) ... ok
test_mutated_authority_carrier_drifts_planned_authority (test_audit_2026_08_28_all3.CorePlanAuthorityDriftTests.test_mutated_authority_carrier_drifts_planned_authority) ... ok
test_planned_authority_is_clean_before_any_drift (test_audit_2026_08_28_all3.CorePlanAuthorityDriftTests.test_planned_authority_is_clean_before_any_drift) ... ok
test_preflight_refuses_authority_drift_before_any_staging (test_audit_2026_08_28_all3.CorePlanAuthorityDriftTests.test_preflight_refuses_authority_drift_before_any_staging) ... ok
test_removed_authority_carrier_drifts_planned_authority (test_audit_2026_08_28_all3.CorePlanAuthorityDriftTests.test_removed_authority_carrier_drifts_planned_authority) ... ok
test_release_plan_binds_source_authority_manifest_in_canonical (test_audit_2026_08_28_all3.CorePlanBindingAuditTests.test_release_plan_binds_source_authority_manifest_in_canonical) ... warning: in the working copy of '.saipen/IDENTITY.md', LF will be replaced by CRLF the next time Git touches it
warning: in the working copy of '.saipen/recovery/settled/.receipt-index.json', LF will be replaced by CRLF the next time Git touches it
warning: in the working copy of '.saipen/recovery/settled/op-migrate-lineage/operation.json', LF will be replaced by CRLF the next time Git touches it
ok
test_source_authority_manifest_drift_refuses_preflight_before_writes (test_audit_2026_08_28_all3.CorePlanBindingAuditTests.test_source_authority_manifest_drift_refuses_preflight_before_writes) ... warning: in the working copy of '.saipen/IDENTITY.md', LF will be replaced by CRLF the next time Git touches it
warning: in the working copy of '.saipen/recovery/settled/.receipt-index.json', LF will be replaced by CRLF the next time Git touches it
warning: in the working copy of '.saipen/recovery/settled/op-migrate-lineage/operation.json', LF will be replaced by CRLF the next time Git touches it
ok
test_capture_persists_exact_bytes_and_never_collapses_distinct_sources (test_audit_2026_08_28_all3.CoreSensitiveAuditTests.test_capture_persists_exact_bytes_and_never_collapses_distinct_sources)
CORE-001: two bodies differing by one token must be two receipts. ... ok
test_duplicate_capture_requires_byte_identical_input (test_audit_2026_08_28_all3.CoreSensitiveAuditTests.test_duplicate_capture_requires_byte_identical_input)
CORE-001: dedupe is exact-bytes only; a one-byte change is new. ... ok
test_legacy_redacted_receipt_admits_lost_original_without_inventing_bytes (test_audit_2026_08_28_all3.CoreSensitiveAuditTests.test_legacy_redacted_receipt_admits_lost_original_without_inventing_bytes)
CORE-001: a pre-repair redacted receipt states the original is gone. ... ok
test_release_gate_and_validate_refuse_archived_legacy_credential (test_audit_2026_08_28_all3.CoreSensitiveAuditTests.test_release_gate_and_validate_refuse_archived_legacy_credential) ... ok
test_release_gate_refuses_legacy_sensitive_unsanitized_active_receipt (test_audit_2026_08_28_all3.CoreSensitiveAuditTests.test_release_gate_refuses_legacy_sensitive_unsanitized_active_receipt) ... ok
test_sensitive_capture_flags_without_mutating_canonical_bytes (test_audit_2026_08_28_all3.CoreSensitiveAuditTests.test_sensitive_capture_flags_without_mutating_canonical_bytes)
CORE-001: detection is metadata; the receipt keeps the exact body. ... ok
test_crew_release_counting_does_not_re_inventory (test_audit_2026_08_28_all3.CrewPlanSourceAuthorityOnceTests.test_crew_release_counting_does_not_re_inventory)
The post-T-1193 invariant: one call-scoped inventory. The crew ... ok
test_plan_crew_release_reuses_passed_inventory (test_audit_2026_08_28_all3.CrewPlanSourceAuthorityOnceTests.test_plan_crew_release_reuses_passed_inventory) ... ok
test_archive_recovery_proves_bundle_before_settlement (test_audit_2026_08_28_all3.IntakeAuditTests.test_archive_recovery_proves_bundle_before_settlement) ... ok
test_archived_status_refuses_corrupt_coverage (test_audit_2026_08_28_all3.IntakeAuditTests.test_archived_status_refuses_corrupt_coverage) ... ok
test_corrupt_partial_archive_refusal_is_zero_write (test_audit_2026_08_28_all3.IntakeAuditTests.test_corrupt_partial_archive_refusal_is_zero_write) ... ok
test_release_gate_refuses_indexed_receipt_without_metadata (test_audit_2026_08_28_all3.IntakeAuditTests.test_release_gate_refuses_indexed_receipt_without_metadata) ... ok
test_release_surface_preserves_source_authority_in_fresh_clone (test_audit_2026_08_28_all3.IntakeAuditTests.test_release_surface_preserves_source_authority_in_fresh_clone) ... ok
test_source_body_limits_apply_before_write_and_during_recovery (test_audit_2026_08_28_all3.IntakeAuditTests.test_source_body_limits_apply_before_write_and_during_recovery) ... ok
test_retry_semantics_include_causal_preconditions (test_audit_2026_08_28_all3.JournalAuditTests.test_retry_semantics_include_causal_preconditions) ... ok
test_same_op_corrupt_journal_retry_preserves_evidence (test_audit_2026_08_28_all3.JournalAuditTests.test_same_op_corrupt_journal_retry_preserves_evidence) ... ok
test_no_publish_plan_reuses_passed_inventory (test_audit_2026_08_28_all3.NoPublishPlanSourceAuthorityOnceTests.test_no_publish_plan_reuses_passed_inventory) ... ok
test_no_publish_release_counting_does_not_re_inventory (test_audit_2026_08_28_all3.NoPublishPlanSourceAuthorityOnceTests.test_no_publish_release_counting_does_not_re_inventory) ... ok
test_ordinary_release_counting_does_not_re_inventory (test_audit_2026_08_28_all3.OrdinaryPlanSourceAuthorityOnceTests.test_ordinary_release_counting_does_not_re_inventory) ... ok
test_conformance_history_tamper_blocks_append_and_lookup (test_audit_2026_08_28_all3.PerformanceAuditTests.test_conformance_history_tamper_blocks_append_and_lookup) ... ok
test_conformance_index_bootstraps_once_then_appends_incrementally (test_audit_2026_08_28_all3.PerformanceAuditTests.test_conformance_index_bootstraps_once_then_appends_incrementally) ... ok
test_context_renderers_keep_full_history_capture (test_audit_2026_08_28_all3.PerformanceAuditTests.test_context_renderers_keep_full_history_capture) ... ok
test_corrupt_ready_is_preserved_instead_of_replaced (test_audit_2026_08_28_all3.PerformanceAuditTests.test_corrupt_ready_is_preserved_instead_of_replaced) ... ok
test_cross_process_writer_contention_has_stable_busy_codes (test_audit_2026_08_28_all3.PerformanceAuditTests.test_cross_process_writer_contention_has_stable_busy_codes) ... ok
test_focus_reads_are_prebounded_and_fingerprint_streams_stably (test_audit_2026_08_28_all3.PerformanceAuditTests.test_focus_reads_are_prebounded_and_fingerprint_streams_stably) ... ok
test_lean_and_full_project_snapshot_read_each_history_segment_once (test_audit_2026_08_28_all3.PerformanceAuditTests.test_lean_and_full_project_snapshot_read_each_history_segment_once) ... ok
test_lean_project_snapshot_preserves_routing_fields_and_drops_renderings (test_audit_2026_08_28_all3.PerformanceAuditTests.test_lean_project_snapshot_preserves_routing_fields_and_drops_renderings) ... ok
test_liveness_cache_lock_contention_is_non_blocking (test_audit_2026_08_28_all3.PerformanceAuditTests.test_liveness_cache_lock_contention_is_non_blocking) ... ok
test_nonretained_log_snapshot_preserves_semantics_and_digest (test_audit_2026_08_28_all3.PerformanceAuditTests.test_nonretained_log_snapshot_preserves_semantics_and_digest) ... ok
test_ready_publisher_and_reader_share_one_size_contract (test_audit_2026_08_28_all3.PerformanceAuditTests.test_ready_publisher_and_reader_share_one_size_contract) ... ok
test_runner_returns_bounded_utf8_replaced_tails (test_audit_2026_08_28_all3.PerformanceAuditTests.test_runner_returns_bounded_utf8_replaced_tails) ... ok
test_runner_timeout_reaps_descendant_and_returns_json_text (test_audit_2026_08_28_all3.PerformanceAuditTests.test_runner_timeout_reaps_descendant_and_returns_json_text) ... ok
test_settled_index_is_warm_and_content_authenticated (test_audit_2026_08_28_all3.PerformanceAuditTests.test_settled_index_is_warm_and_content_authenticated) ... ok
test_snapshot_history_ownership_refuses_symlink_and_directory (test_audit_2026_08_28_all3.PerformanceAuditTests.test_snapshot_history_ownership_refuses_symlink_and_directory) ... ok
test_stage_g_reuses_one_predecessor_lookup (test_audit_2026_08_28_all3.PerformanceAuditTests.test_stage_g_reuses_one_predecessor_lookup) ... ok
test_status_next_explain_are_identical_with_full_and_lean_capture (test_audit_2026_08_28_all3.PerformanceAuditTests.test_status_next_explain_are_identical_with_full_and_lean_capture) ... ok
test_windows_reserved_device_entries_do_not_break_test_sandbox (test_audit_2026_08_28_all3.PerformanceAuditTests.test_windows_reserved_device_entries_do_not_break_test_sandbox) ... ok
test_historical_undo_does_not_mask_later_current_restore (test_audit_2026_08_28_all3.UndoAuditTests.test_historical_undo_does_not_mask_later_current_restore) ... ok
test_unrelated_committed_receipt_never_satisfies_undo (test_audit_2026_08_28_all3.UndoAuditTests.test_unrelated_committed_receipt_never_satisfies_undo) ... ok
test_a_lost_bump_survives_a_sealed_marker (test_audit_2026_08_29_all3_impl.Core002ReconciliationTests.test_a_lost_bump_survives_a_sealed_marker)
The pivot may be sealed away; the count must still rebuild (1.5). ... ok
test_absent_counters_under_goal_intent_are_repaired_to_zero (test_audit_2026_08_29_all3_impl.Core002ReconciliationTests.test_absent_counters_under_goal_intent_are_repaired_to_zero) ... ok
test_ahead_under_cap_counter_reconciles_downward (test_audit_2026_08_29_all3_impl.Core002ReconciliationTests.test_ahead_under_cap_counter_reconciles_downward)
CORE-001 (audit-all3): an ahead counter UNDER the cap is reconciled ... ok
test_board_repair_and_state_repair_commit_together (test_audit_2026_08_29_all3_impl.Core002ReconciliationTests.test_board_repair_and_state_repair_commit_together) ... ok
test_clean_surface_reports_clean_and_writes_nothing (test_audit_2026_08_29_all3_impl.Core002ReconciliationTests.test_clean_surface_reports_clean_and_writes_nothing) ... ok
test_corrupt_last_event_is_repaired_from_the_log_tail (test_audit_2026_08_29_all3_impl.Core002ReconciliationTests.test_corrupt_last_event_is_repaired_from_the_log_tail) ... ok
test_damage_outside_the_owned_surface_is_refused_not_certified (test_audit_2026_08_29_all3_impl.Core002ReconciliationTests.test_damage_outside_the_owned_surface_is_refused_not_certified)
Damage reconciliation does NOT own must never be laundered as CLEAN. ... ok
test_dry_run_writes_zero_bytes_while_reporting_the_real_plan (test_audit_2026_08_29_all3_impl.Core002ReconciliationTests.test_dry_run_writes_zero_bytes_while_reporting_the_real_plan) ... ok
test_goal_counters_behind_the_log_are_repaired_upward (test_audit_2026_08_29_all3_impl.Core002ReconciliationTests.test_goal_counters_behind_the_log_are_repaired_upward)
A bump that reached the LOG and never reached STATE is the crash ... ok
test_interrupted_reconciliation_is_settled_by_ordinary_recovery (test_audit_2026_08_29_all3_impl.Core002ReconciliationTests.test_interrupted_reconciliation_is_settled_by_ordinary_recovery) ... ok
test_no_board_only_path_certifies_clean_while_state_is_red (test_audit_2026_08_29_all3_impl.Core002ReconciliationTests.test_no_board_only_path_certifies_clean_while_state_is_red)
The defect: a STATE-only drift must never be reported CLEAN. ... ok
test_reauthorization_clears_the_rebuild_window (test_audit_2026_08_29_all3_impl.Core002ReconciliationTests.test_reauthorization_clears_the_rebuild_window)
A `DEC: goal reauthorized` marker resets the count (CORE 1.5). ... ok
test_tripped_valve_counter_is_never_tidied_down (test_audit_2026_08_29_all3_impl.Core002ReconciliationTests.test_tripped_valve_counter_is_never_tidied_down)
Section 2.4 + CORE-001 (audit-all3): an at/over-cap counter while ... ok
test_ahead_under_cap_apply_reconciles_downward (test_audit_2026_08_30_all3_impl.Core001CounterReconciliation.test_ahead_under_cap_apply_reconciles_downward) ... ok
test_ahead_under_cap_dry_run_reports_repair (test_audit_2026_08_30_all3_impl.Core001CounterReconciliation.test_ahead_under_cap_dry_run_reports_repair) ... ok
test_at_cap_with_lower_canonical_refuses_clean (test_audit_2026_08_30_all3_impl.Core001CounterReconciliation.test_at_cap_with_lower_canonical_refuses_clean) ... ok
test_clean_state_is_clean (test_audit_2026_08_30_all3_impl.Core001CounterReconciliation.test_clean_state_is_clean) ... ok
test_malformed_counter_repairs_with_explicit_reason (test_audit_2026_08_30_all3_impl.Core001CounterReconciliation.test_malformed_counter_repairs_with_explicit_reason) ... ok
test_under_counter_repairs_upward (test_audit_2026_08_30_all3_impl.Core001CounterReconciliation.test_under_counter_repairs_upward) ... ok
test_body_only_orphan_recovery_restores_allocator (test_audit_2026_08_30_all3_impl.W2001OrphanAllocator.test_body_only_orphan_recovery_restores_allocator) ... ok
test_partial_orphan_recovery_restores_allocator (test_audit_2026_08_30_all3_impl.W2001OrphanAllocator.test_partial_orphan_recovery_restores_allocator) ... ok
test_keyboard_interrupt_during_wait_terminates_child_tree (test_audit_2026_08_30_all3_impl.W2003ProcessCleanup.test_keyboard_interrupt_during_wait_terminates_child_tree) ... ok
test_dangling_quote_after_payload_refuses (test_audit_2026_08_30_all3_impl.W2004CompoundParser.test_dangling_quote_after_payload_refuses) ... ok
test_dangling_quote_refuses (test_audit_2026_08_30_all3_impl.W2004CompoundParser.test_dangling_quote_refuses) ... ok
test_empty_quoted_payload (test_audit_2026_08_30_all3_impl.W2004CompoundParser.test_empty_quoted_payload) ... ok
test_escaped_quote_is_literal_not_toggle (test_audit_2026_08_30_all3_impl.W2004CompoundParser.test_escaped_quote_is_literal_not_toggle) ... ok
test_literal_quote_then_dangling_refuses (test_audit_2026_08_30_all3_impl.W2004CompoundParser.test_literal_quote_then_dangling_refuses) ... ok
test_plain_compound (test_audit_2026_08_30_all3_impl.W2004CompoundParser.test_plain_compound) ... ok
test_quoted_newline_preserved (test_audit_2026_08_30_all3_impl.W2004CompoundParser.test_quoted_newline_preserved) ... ok
test_quoted_plus_preserved (test_audit_2026_08_30_all3_impl.W2004CompoundParser.test_quoted_plus_preserved) ... ok
test_a_producer_cannot_choose_a_path_or_overwrite_a_layer (test_audit_dogfood.BridgeContainment.test_a_producer_cannot_choose_a_path_or_overwrite_a_layer) ... ok
test_a_producer_cannot_write_core_board_state_or_log (test_audit_dogfood.BridgeContainment.test_a_producer_cannot_write_core_board_state_or_log) ... ok
test_a_producer_finding_id_survives_closure_and_deletion (test_audit_dogfood.BridgeContainment.test_a_producer_finding_id_survives_closure_and_deletion) ... ok
test_a_rejected_finding_is_a_valid_terminal_outcome (test_audit_dogfood.BridgeContainment.test_a_rejected_finding_is_a_valid_terminal_outcome) ... ok
test_producer_severity_and_confidence_stay_claims (test_audit_dogfood.BridgeContainment.test_producer_severity_and_confidence_stay_claims) ... ok
test_no_engine_module_branches_on_a_producer_name (test_audit_dogfood.ProducerNeutrality.test_no_engine_module_branches_on_a_producer_name)
A producer name may appear in prose. It may not reach EXECUTABLE code. ... ok
test_the_producer_surface_is_exactly_enqueue_plus_a_read_only_lookup (test_audit_dogfood.ProducerNeutrality.test_the_producer_surface_is_exactly_enqueue_plus_a_read_only_lookup) ... ok
test_three_producer_shapes_reach_the_same_transport_state (test_audit_dogfood.ProducerNeutrality.test_three_producer_shapes_reach_the_same_transport_state) ... ok
test_a_number_consumed_before_this_allocator_existed_is_never_reissued (test_audit_enqueue.Allocation.test_a_number_consumed_before_this_allocator_existed_is_never_reissued)
The binding outlives the file, and the allocator has to read it. ... ok
test_first_enqueue_is_layer_one_and_places_exact_bytes (test_audit_enqueue.Allocation.test_first_enqueue_is_layer_one_and_places_exact_bytes) ... ok
test_ids_are_monotonic_and_never_reuse_a_deleted_number (test_audit_enqueue.Allocation.test_ids_are_monotonic_and_never_reuse_a_deleted_number) ... ok
test_manual_high_drop_advances_the_allocator_and_is_not_overwritten (test_audit_enqueue.Allocation.test_manual_high_drop_advances_the_allocator_and_is_not_overwritten) ... ok
test_no_temp_file_survives_a_successful_enqueue (test_audit_enqueue.Allocation.test_no_temp_file_survives_a_successful_enqueue) ... ok
test_a_scanner_never_observes_a_partially_written_layer (test_audit_enqueue.Concurrency.test_a_scanner_never_observes_a_partially_written_layer)
The bytes become a LAYER at the rename, never before it. ... ok
test_concurrent_enqueues_allocate_distinct_layers_with_no_overwrite (test_audit_enqueue.Concurrency.test_concurrent_enqueues_allocate_distinct_layers_with_no_overwrite) ... ok
test_empty_body_is_refused (test_audit_enqueue.Containment.test_empty_body_is_refused) ... ok
test_enqueue_never_touches_board_state_or_log (test_audit_enqueue.Containment.test_enqueue_never_touches_board_state_or_log) ... ok
test_existing_layer_is_never_overwritten (test_audit_enqueue.Containment.test_existing_layer_is_never_overwritten) ... ok
test_operation_id_must_be_path_safe (test_audit_enqueue.Containment.test_operation_id_must_be_path_safe) ... ok
test_producer_name_must_be_a_stable_token (test_audit_enqueue.Containment.test_producer_name_must_be_a_stable_token) ... ok
test_a_refused_placement_frees_the_operation_but_never_the_id (test_audit_enqueue.Idempotency.test_a_refused_placement_frees_the_operation_but_never_the_id) ... ok
test_consumed_layer_does_not_get_re_placed_by_a_late_retry (test_audit_enqueue.Idempotency.test_consumed_layer_does_not_get_re_placed_by_a_late_retry) ... ok
test_crash_after_rename_before_commit_promotes_the_same_layer (test_audit_enqueue.Idempotency.test_crash_after_rename_before_commit_promotes_the_same_layer) ... ok
test_crash_after_reservation_before_placement_finishes_the_same_layer (test_audit_enqueue.Idempotency.test_crash_after_reservation_before_placement_finishes_the_same_layer) ... ok
test_retry_with_different_bytes_is_refused_not_silently_reallocated (test_audit_enqueue.Idempotency.test_retry_with_different_bytes_is_refused_not_silently_reallocated) ... ok
test_retry_with_same_operation_id_returns_the_original_allocation (test_audit_enqueue.Idempotency.test_retry_with_same_operation_id_returns_the_original_allocation) ... ok
test_two_producers_may_share_an_operation_id_without_colliding (test_audit_enqueue.Idempotency.test_two_producers_may_share_an_operation_id_without_colliding) ... ok
test_allocator_status_is_read_only_and_carries_no_body_text (test_audit_enqueue.NativeConsumption.test_allocator_status_is_read_only_and_carries_no_body_text) ... ok
test_native_inbox_discovers_an_api_created_layer_normally (test_audit_enqueue.NativeConsumption.test_native_inbox_discovers_an_api_created_layer_normally) ... ok
test_an_envelope_below_prose_is_not_an_envelope (test_audit_envelope.Parsing.test_an_envelope_below_prose_is_not_an_envelope) ... ok
test_malformed_envelopes_downgrade_and_never_raise (test_audit_envelope.Parsing.test_malformed_envelopes_downgrade_and_never_raise) ... ok
test_parsing_is_pure_and_cannot_move_the_digest (test_audit_envelope.Parsing.test_parsing_is_pure_and_cannot_move_the_digest) ... ok
test_plain_markdown_has_no_envelope_and_is_not_an_error (test_audit_envelope.Parsing.test_plain_markdown_has_no_envelope_and_is_not_an_error) ... ok
test_producer_cannot_set_its_own_maintainer_verdict (test_audit_envelope.Parsing.test_producer_cannot_set_its_own_maintainer_verdict) ... ok
test_render_round_trips_the_known_fields (test_audit_envelope.Parsing.test_render_round_trips_the_known_fields) ... ok
test_unknown_keys_are_ignored_rather_than_rejected (test_audit_envelope.Parsing.test_unknown_keys_are_ignored_rather_than_rejected) ... ok
test_valid_envelope_is_parsed_into_fields (test_audit_envelope.Parsing.test_valid_envelope_is_parsed_into_fields) ... ok
test_a_malformed_envelope_still_produces_a_normal_workable_layer (test_audit_envelope.Transport.test_a_malformed_envelope_still_produces_a_normal_workable_layer) ... ok
test_the_digest_covers_the_envelope_bytes (test_audit_envelope.Transport.test_the_digest_covers_the_envelope_bytes) ... ok
test_absent_audit_directory_is_a_normal_no_op (test_audit_inbox.DiscoveryTests.test_absent_audit_directory_is_a_normal_no_op) ... ok
test_absolute_layer_path_is_refused (test_audit_inbox.DiscoveryTests.test_absolute_layer_path_is_refused) ... ok
test_empty_audit_directory_is_a_normal_no_op (test_audit_inbox.DiscoveryTests.test_empty_audit_directory_is_a_normal_no_op) ... ok
test_empty_layer_is_invalid_not_an_empty_capture (test_audit_inbox.DiscoveryTests.test_empty_layer_is_invalid_not_an_empty_capture) ... ok
test_gaps_are_normal (test_audit_inbox.DiscoveryTests.test_gaps_are_normal) ... ok
test_generation_identity_is_content_not_mtime (test_audit_inbox.DiscoveryTests.test_generation_identity_is_content_not_mtime) ... ok
test_invalid_utf8_is_never_captured_and_never_deleted (test_audit_inbox.DiscoveryTests.test_invalid_utf8_is_never_captured_and_never_deleted) ... ok
test_layers_sort_numerically_not_lexically (test_audit_inbox.DiscoveryTests.test_layers_sort_numerically_not_lexically) ... ok
test_nested_files_are_never_scanned (test_audit_inbox.DiscoveryTests.test_nested_files_are_never_scanned) ... ok
test_noncanonical_names_are_not_layers (test_audit_inbox.DiscoveryTests.test_noncanonical_names_are_not_layers) ... ok
test_oversized_layer_is_never_captured (test_audit_inbox.DiscoveryTests.test_oversized_layer_is_never_captured) ... ok
test_single_layer_is_discovered (test_audit_inbox.DiscoveryTests.test_single_layer_is_discovered) ... ok
test_symlinked_layer_is_refused_and_never_captured (test_audit_inbox.DiscoveryTests.test_symlinked_layer_is_refused_and_never_captured) ... ok
test_traversal_cannot_escape_the_project (test_audit_inbox.DiscoveryTests.test_traversal_cannot_escape_the_project) ... ok
test_an_invalid_lower_layer_does_not_starve_a_later_workable_layer (test_audit_inbox.InvalidLayerDoesNotStarveTests.test_an_invalid_lower_layer_does_not_starve_a_later_workable_layer) ... ok
test_any_difference_beyond_cr_lf_creates_a_new_source (test_audit_inbox.MigrationEquivalenceTests.test_any_difference_beyond_cr_lf_creates_a_new_source) ... ok
test_both_digests_are_recorded_and_the_receipt_digest_is_never_rewritten (test_audit_inbox.MigrationEquivalenceTests.test_both_digests_are_recorded_and_the_receipt_digest_is_never_rewritten) ... ok
test_crlf_layer_binds_to_an_otherwise_identical_lf_receipt (test_audit_inbox.MigrationEquivalenceTests.test_crlf_layer_binds_to_an_otherwise_identical_lf_receipt) ... ok
test_equivalence_never_generalizes_past_line_endings (test_audit_inbox.MigrationEquivalenceTests.test_equivalence_never_generalizes_past_line_endings) ... ok
test_two_eol_equivalent_candidates_refuse_to_guess (test_audit_inbox.MigrationEquivalenceTests.test_two_eol_equivalent_candidates_refuse_to_guess) ... ok
test_cli_audit_ingest_dry_run_writes_and_deletes_nothing (test_audit_inbox.ReadOnlySurfaceTests.test_cli_audit_ingest_dry_run_writes_and_deletes_nothing) ... ok
test_cli_next_projects_the_audit_carrier_without_mutating (test_audit_inbox.ReadOnlySurfaceTests.test_cli_next_projects_the_audit_carrier_without_mutating) ... ok
test_projection_writes_nothing (test_audit_inbox.ReadOnlySurfaceTests.test_projection_writes_nothing) ... ok
test_status_never_dumps_the_audit_body (test_audit_inbox.ReadOnlySurfaceTests.test_status_never_dumps_the_audit_body) ... ok
test_status_projection_writes_nothing (test_audit_inbox.ReadOnlySurfaceTests.test_status_projection_writes_nothing) ... ok
test_audit_is_a_registered_command (test_audit_inbox.RegistryContractTests.test_audit_is_a_registered_command) ... ok
test_registry_owns_the_closed_audit_inbox_facts (test_audit_inbox.RegistryContractTests.test_registry_owns_the_closed_audit_inbox_facts) ... ok
test_the_rule_has_exactly_one_human_owner (test_audit_inbox.RegistryContractTests.test_the_rule_has_exactly_one_human_owner) ... ok
test_a_persisted_wait_still_outranks_the_audit_inbox (test_audit_inbox.RoutingTests.test_a_persisted_wait_still_outranks_the_audit_inbox) ... ok
test_a_workable_audit_outranks_ordinary_queued_todo (test_audit_inbox.RoutingTests.test_a_workable_audit_outranks_ordinary_queued_todo) ... ok
test_a_workable_audit_prevents_the_idle_maintain_verdict (test_audit_inbox.RoutingTests.test_a_workable_audit_prevents_the_idle_maintain_verdict) ... ok
test_active_build_work_is_never_preempted_by_a_new_audit (test_audit_inbox.RoutingTests.test_active_build_work_is_never_preempted_by_a_new_audit) ... ok
test_active_verify_continuation_is_never_preempted (test_audit_inbox.RoutingTests.test_active_verify_continuation_is_never_preempted) ... ok
test_an_audit_whose_work_is_blocked_falls_through_to_the_pick_rule (test_audit_inbox.RoutingTests.test_an_audit_whose_work_is_blocked_falls_through_to_the_pick_rule) ... ok
test_an_invalid_only_inbox_is_surfaced_instead_of_idle (test_audit_inbox.RoutingTests.test_an_invalid_only_inbox_is_surfaced_instead_of_idle) ... ok
test_an_invalid_only_inbox_never_outranks_real_workable_board_work (test_audit_inbox.RoutingTests.test_an_invalid_only_inbox_never_outranks_real_workable_board_work) ... ok
test_captured_audit_work_owns_continuation_by_ticket (test_audit_inbox.RoutingTests.test_captured_audit_work_owns_continuation_by_ticket) ... ok
test_no_audit_and_no_work_still_reaches_the_idle_maintain_route (test_audit_inbox.RoutingTests.test_no_audit_and_no_work_still_reaches_the_idle_maintain_route) ... ok
test_no_audit_leaves_the_ordinary_pick_rule_unchanged (test_audit_inbox.RoutingTests.test_no_audit_leaves_the_ordinary_pick_rule_unchanged) ... ok
test_recovery_conflict_outranks_the_audit_inbox (test_audit_inbox.RoutingTests.test_recovery_conflict_outranks_the_audit_inbox) ... ok
test_recovery_outranks_the_audit_inbox (test_audit_inbox.RoutingTests.test_recovery_outranks_the_audit_inbox) ... ok
test_a_changed_same_path_file_becomes_a_new_workable_generation (test_audit_inbox.SafeDeleteTests.test_a_changed_same_path_file_becomes_a_new_workable_generation) ... ok
test_a_closed_unchanged_layer_is_deleted_and_nothing_else_is (test_audit_inbox.SafeDeleteTests.test_a_closed_unchanged_layer_is_deleted_and_nothing_else_is) ... ok
test_a_layer_absent_before_cleanup_settles_idempotently (test_audit_inbox.SafeDeleteTests.test_a_layer_absent_before_cleanup_settles_idempotently) ... ok
test_a_missing_transport_after_capture_never_loses_the_work (test_audit_inbox.SafeDeleteTests.test_a_missing_transport_after_capture_never_loses_the_work) ... ok
test_changed_bytes_are_never_deleted_as_cleanup_for_the_old_generation (test_audit_inbox.SafeDeleteTests.test_changed_bytes_are_never_deleted_as_cleanup_for_the_old_generation) ... ok
test_closure_evidence_survives_the_deleted_transport_file (test_audit_inbox.SafeDeleteTests.test_closure_evidence_survives_the_deleted_transport_file) ... ok
test_remaining_layers_are_never_renumbered (test_audit_inbox.SafeDeleteTests.test_remaining_layers_are_never_renumbered) ... ok
test_repeated_cleanup_after_a_successful_delete_is_idempotent (test_audit_inbox.SafeDeleteTests.test_repeated_cleanup_after_a_successful_delete_is_idempotent) ... ok
test_the_delete_is_journaled_before_the_destructive_effect (test_audit_inbox.SafeDeleteTests.test_the_delete_is_journaled_before_the_destructive_effect) ... ok
test_a_closed_duplicate_enters_cleanup_instead_of_reopening_work (test_audit_inbox.SourceIntegrationTests.test_a_closed_duplicate_enters_cleanup_instead_of_reopening_work) ... ok
test_a_fresh_layer_becomes_an_external_audit_receipt (test_audit_inbox.SourceIntegrationTests.test_a_fresh_layer_becomes_an_external_audit_receipt) ... ok
test_an_unresolved_receipt_can_never_pass_the_delete_gate (test_audit_inbox.SourceIntegrationTests.test_an_unresolved_receipt_can_never_pass_the_delete_gate) ... ok
test_command_looking_audit_text_is_data_and_is_never_executed (test_audit_inbox.SourceIntegrationTests.test_command_looking_audit_text_is_data_and_is_never_executed) ... ok
test_exact_byte_duplicate_reuses_the_active_receipt (test_audit_inbox.SourceIntegrationTests.test_exact_byte_duplicate_reuses_the_active_receipt) ... ok
test_linked_work_that_is_not_done_blocks_the_delete_gate (test_audit_inbox.SourceIntegrationTests.test_linked_work_that_is_not_done_blocks_the_delete_gate) ... ok
test_the_receipt_body_is_the_exact_audit_bytes (test_audit_inbox.SourceIntegrationTests.test_the_receipt_body_is_the_exact_audit_bytes) ... ok
test_an_absent_audit_directory_renders_no_noise (test_audit_provenance.OperatorSurface.test_an_absent_audit_directory_renders_no_noise) ... ok
test_last_allocated_id_tracks_the_shared_allocator (test_audit_provenance.OperatorSurface.test_last_allocated_id_tracks_the_shared_allocator) ... ok
test_status_counts_do_not_carry_audit_body_text (test_audit_provenance.OperatorSurface.test_status_counts_do_not_carry_audit_body_text) ... ok
test_a_later_binding_cannot_rewrite_recorded_claims (test_audit_provenance.Provenance.test_a_later_binding_cannot_rewrite_recorded_claims) ... ok
test_a_malformed_envelope_is_recorded_as_malformed_not_dropped (test_audit_provenance.Provenance.test_a_malformed_envelope_is_recorded_as_malformed_not_dropped) ... ok
test_a_plain_layer_carries_no_provenance_rather_than_an_empty_one (test_audit_provenance.Provenance.test_a_plain_layer_carries_no_provenance_rather_than_an_empty_one) ... ok
test_producer_claims_are_captured_from_the_envelope (test_audit_provenance.Provenance.test_producer_claims_are_captured_from_the_envelope) ... ok
test_provenance_survives_the_consumed_file (test_audit_provenance.Provenance.test_provenance_survives_the_consumed_file) ... ok
test_the_trace_can_be_narrowed_to_one_layer (test_audit_provenance.Provenance.test_the_trace_can_be_narrowed_to_one_layer) ... ok
test_the_trace_carries_no_audit_body_text (test_audit_provenance.Provenance.test_the_trace_carries_no_audit_body_text) ... ok
test_the_trace_never_trusts_a_producer_verdict (test_audit_provenance.Provenance.test_the_trace_never_trusts_a_producer_verdict) ... ok
test_the_trace_writes_nothing (test_audit_provenance.Provenance.test_the_trace_writes_nothing) ... ok
test_a_changed_generation_is_preserved_not_deleted (test_audit_transport_loop.Loop.test_a_changed_generation_is_preserved_not_deleted) ... ok
test_a_cold_restart_reconstructs_provenance_from_disk_alone (test_audit_transport_loop.Loop.test_a_cold_restart_reconstructs_provenance_from_disk_alone) ... ok
test_a_consumed_id_is_never_handed_out_again_after_restart (test_audit_transport_loop.Loop.test_a_consumed_id_is_never_handed_out_again_after_restart) ... ok
test_a_live_ticket_is_never_preempted_by_a_fresh_audit (test_audit_transport_loop.Loop.test_a_live_ticket_is_never_preempted_by_a_fresh_audit) ... ok
test_a_rejected_audit_still_reaches_a_terminal_transport_state (test_audit_transport_loop.Loop.test_a_rejected_audit_still_reaches_a_terminal_transport_state) ... ok
test_concurrent_producers_never_collide (test_audit_transport_loop.Loop.test_concurrent_producers_never_collide) ... ok
test_every_producer_shape_walks_discover_to_bound (test_audit_transport_loop.Loop.test_every_producer_shape_walks_discover_to_bound) ... ok
test_A_current_agent_producer_adoption (test_autonomy_audit_fixes.AutonomyAuditTests.test_A_current_agent_producer_adoption)
ROLE_NOT_RUN + execute_in_current_agent: true must be treated as ... ok
test_A_current_agent_sub_role_same_carrier (test_autonomy_audit_fixes.AutonomyAuditTests.test_A_current_agent_sub_role_same_carrier)
Sub roles (non-producer) must also carry the same routing fields. ... ok
test_B_no_dedicated_runner_agent_executes (test_autonomy_audit_fixes.AutonomyAuditTests.test_B_no_dedicated_runner_agent_executes)
ROLE_NOT_RUN with has_in_process_runner: false (or absent) and ... ok
test_C_not_ready_chain_translate (test_autonomy_audit_fixes.AutonomyAuditTests.test_C_not_ready_chain_translate) ... ok
test_C_not_ready_resume_after_chain (test_autonomy_audit_fixes.AutonomyAuditTests.test_C_not_ready_resume_after_chain)
NOT_READY from collect_and_ship_producer must carry ... ok
test_D_stale_producer_evidence_is_re_run (test_autonomy_audit_fixes.AutonomyAuditTests.test_D_stale_producer_evidence_is_re_run)
Stale READY evidence must route to production re-run via ... ok
test_E_resume_after_returns_to_crew (test_autonomy_audit_fixes.AutonomyAuditTests.test_E_resume_after_returns_to_crew)
ROLE_NOT_RUN's resume_after names the parent operation that ... ok
test_F_human_blocker_stops (test_autonomy_audit_fixes.AutonomyAuditTests.test_F_human_blocker_stops)
WAIT_USER_CONFIRMATION / requires_human: true must stop the agent ... ok
test_G_saipen_clean_never_sub_clean (test_autonomy_audit_fixes.AutonomyAuditTests.test_G_saipen_clean_never_sub_clean)
saipen clean must route to transition CLEAN, never to sub clean. ... ok
test_G_saipen_clean_unknown_command_refused (test_autonomy_audit_fixes.AutonomyAuditTests.test_G_saipen_clean_unknown_command_refused)
saipen clean with surplus args must refuse, never silently ... ok
test_H_destructive_substitute_refused (test_autonomy_audit_fixes.AutonomyAuditTests.test_H_destructive_substitute_refused)
A tempting substitute (sub clean for clean) must not be executed. ... ok
test_I_false_green_trap (test_autonomy_audit_fixes.AutonomyAuditTests.test_I_false_green_trap)
CREW_BLOCKED with terminal: false must not be reported as green. ... ok
test_J_repeated_continuation (test_autonomy_audit_fixes.AutonomyAuditTests.test_J_repeated_continuation)
After each locally resolvable intermediate carrier, the agent ... ok
test_ccc_is_ship_not_crew (test_ccc_ff_control.CccVsScTests.test_ccc_is_ship_not_crew) ... ok
test_controls_in_manifest (test_ccc_ff_control.CccVsScTests.test_controls_in_manifest) ... ok
test_ff_performance_zero_literal_still_brief (test_ccc_ff_control.CccVsScTests.test_ff_performance_zero_literal_still_brief) ... ok
test_all_seven_twins_resolve_to_canonical_latin_rows (test_command_routing.CliShortcutRoutingTests.test_all_seven_twins_resolve_to_canonical_latin_rows) ... ok
test_ccc_resolves_to_ccc_never_sss (test_command_routing.CliShortcutRoutingTests.test_ccc_resolves_to_ccc_never_sss) ... ok
test_cli_and_resolver_cannot_disagree (test_command_routing.CliShortcutRoutingTests.test_cli_and_resolver_cannot_disagree)
Agreement property: whatever the resolver declares, the CLI routes ... ok
test_cli_cc_dispatches_as_continue_dry_run (test_command_routing.CliShortcutRoutingTests.test_cli_cc_dispatches_as_continue_dry_run) ... ok
test_cli_ccc_refuses_closed_and_never_becomes_status_or_stop (test_command_routing.CliShortcutRoutingTests.test_cli_ccc_refuses_closed_and_never_becomes_status_or_stop) ... ok
test_cli_declared_shortcut_never_answers_unknown_command (test_command_routing.CliShortcutRoutingTests.test_cli_declared_shortcut_never_answers_unknown_command) ... ok
test_cli_holds_no_private_confusable_map_or_twin_table (test_command_routing.CliShortcutRoutingTests.test_cli_holds_no_private_confusable_map_or_twin_table) ... ok
test_cli_ss_refuses_naming_stop_and_differs_from_cc (test_command_routing.CliShortcutRoutingTests.test_cli_ss_refuses_naming_stop_and_differs_from_cc) ... ok
test_cli_sss_is_real_status_surface (test_command_routing.CliShortcutRoutingTests.test_cli_sss_is_real_status_surface) ... ok
test_cli_twin_pairs_enter_identical_code_paths (test_command_routing.CliShortcutRoutingTests.test_cli_twin_pairs_enter_identical_code_paths)
Every Cyrillic twin dispatches byte-identically to its Latin row. ... ok
test_derived_twins_match_declared_twins (test_command_routing.CliShortcutRoutingTests.test_derived_twins_match_declared_twins) ... ok
test_helper_cc_is_continue_never_stop (test_command_routing.CliShortcutRoutingTests.test_helper_cc_is_continue_never_stop) ... ok
test_no_cyrillic_input_can_ever_fold_to_ss_or_sss (test_command_routing.CliShortcutRoutingTests.test_no_cyrillic_input_can_ever_fold_to_ss_or_sss) ... ok
test_route_echo_is_scoped_to_one_in_process_invocation (test_command_routing.CliShortcutRoutingTests.test_route_echo_is_scoped_to_one_in_process_invocation) ... ok
test_twin_inside_compound_command_resolves (test_command_routing.CliShortcutRoutingTests.test_twin_inside_compound_command_resolves) ... ok
test_undeclared_lookalikes_fail_closed_in_resolver (test_command_routing.CliShortcutRoutingTests.test_undeclared_lookalikes_fail_closed_in_resolver) ... ok
test_already_satisfied_terminology (test_command_routing.CommandRoutingTests.test_already_satisfied_terminology) ... ok
test_bare_sc_shortcut_resolves (test_command_routing.CommandRoutingTests.test_bare_sc_shortcut_resolves) ... ok
test_bare_shortcuts_from_live_table (test_command_routing.CommandRoutingTests.test_bare_shortcuts_from_live_table) ... ok
test_boot_declares_compound_first (test_command_routing.CommandRoutingTests.test_boot_declares_compound_first) ... ok
test_chain_continue_when_independent (test_command_routing.CommandRoutingTests.test_chain_continue_when_independent) ... ok
test_chain_not_run_after_blocked (test_command_routing.CommandRoutingTests.test_chain_not_run_after_blocked) ... ok
test_chain_stop_on_failure_default (test_command_routing.CommandRoutingTests.test_chain_stop_on_failure_default) ... ok
test_compound_newline_separated (test_command_routing.CommandRoutingTests.test_compound_newline_separated) ... ok
test_compound_shortcut_inside (test_command_routing.CommandRoutingTests.test_compound_shortcut_inside) ... ok
test_compound_two_segments (test_command_routing.CommandRoutingTests.test_compound_two_segments) ... ok
test_control_shortcut_payload_is_opaque_inside_compound (test_command_routing.CommandRoutingTests.test_control_shortcut_payload_is_opaque_inside_compound) ... ok
test_control_shortcuts_require_whole_first_token (test_command_routing.CommandRoutingTests.test_control_shortcuts_require_whole_first_token) ... ok
test_cut_confirmation_blocks_later_mutator_by_chain_policy (test_command_routing.CommandRoutingTests.test_cut_confirmation_blocks_later_mutator_by_chain_policy) ... ok
test_cyrillic_twin_shortcut (test_command_routing.CommandRoutingTests.test_cyrillic_twin_shortcut) ... ok
test_injectors_declare_shortcut_gate (test_command_routing.CommandRoutingTests.test_injectors_declare_shortcut_gate) ... ok
test_leading_shortcut_payload_routing (test_command_routing.CommandRoutingTests.test_leading_shortcut_payload_routing) ... ok
test_multiple_shortcuts (test_command_routing.CommandRoutingTests.test_multiple_shortcuts) ... ok
test_normal_mode_not_shortcut (test_command_routing.CommandRoutingTests.test_normal_mode_not_shortcut) ... ok
test_registry_owns_compound_and_truthfulness (test_command_routing.CommandRoutingTests.test_registry_owns_compound_and_truthfulness) ... ok
test_sc_not_stop_caveman (test_command_routing.CommandRoutingTests.test_sc_not_stop_caveman) ... ok
test_shortcut_nested_in_compound (test_command_routing.CommandRoutingTests.test_shortcut_nested_in_compound) ... ok
test_unknown_token_in_compound (test_command_routing.CommandRoutingTests.test_unknown_token_in_compound) ... ok
test_unknown_token_not_shortcut (test_command_routing.CommandRoutingTests.test_unknown_token_not_shortcut) ... ok
test_bare_continue_cc_are_identical_canonical_path (test_command_routing.CommandSemanticsTests.test_bare_continue_cc_are_identical_canonical_path)
The three forms hit the SAME deterministic continue handler and the ... ok
test_bare_continue_cc_identical_on_tripped_goal_valve (test_command_routing.CommandSemanticsTests.test_bare_continue_cc_identical_on_tripped_goal_valve)
Even under a tripped goal valve the three forms route to the same ... ok
test_cc_never_creates_or_pivots_a_goal (test_command_routing.CommandSemanticsTests.test_cc_never_creates_or_pivots_a_goal) ... ok
test_cc_resumes_crew_target_not_normal_convergence (test_command_routing.CommandSemanticsTests.test_cc_resumes_crew_target_not_normal_convergence) ... ok
test_cc_resumes_existing_goal_preserving_objective (test_command_routing.CommandSemanticsTests.test_cc_resumes_existing_goal_preserving_objective) ... ok
test_empty_board_bare_and_cc_behave_identically (test_command_routing.CommandSemanticsTests.test_empty_board_bare_and_cc_behave_identically) ... ok
test_gg_bare_is_usage_line_never_resume (test_command_routing.CommandSemanticsTests.test_gg_bare_is_usage_line_never_resume) ... ok
test_gg_new_goal_is_create_pivot_not_resume (test_command_routing.CommandSemanticsTests.test_gg_new_goal_is_create_pivot_not_resume) ... ok
test_normal_cc_enters_converge_never_implicit_add (test_command_routing.CommandSemanticsTests.test_normal_cc_enters_converge_never_implicit_add) ... ok
test_sc_is_crew_workflow_distinct_from_cc (test_command_routing.CommandSemanticsTests.test_sc_is_crew_workflow_distinct_from_cc) ... ok
test_tripped_goal_valve_cc_reauthorizes_keeps_objective (test_command_routing.CommandSemanticsTests.test_tripped_goal_valve_cc_reauthorizes_keeps_objective) ... ok
test_corpus_is_complete_and_generated_view_is_current (test_conformance_corpus.ConformanceCorpusTests.test_corpus_is_complete_and_generated_view_is_current) ... ok
test_rule_ids_and_history_refs_are_separate (test_conformance_corpus.ConformanceCorpusTests.test_rule_ids_and_history_refs_are_separate) ... ok
test_active_work_outranks_improvement (test_continue_improve_fallthrough.ContinueImproveFallthroughTests.test_active_work_outranks_improvement) ... ok
test_ambiguous_improve_is_refusal_not_idle (test_continue_improve_fallthrough.ContinueImproveFallthroughTests.test_ambiguous_improve_is_refusal_not_idle) ... ok
test_anti_loop_at_most_one_fallback_per_invocation (test_continue_improve_fallthrough.ContinueImproveFallthroughTests.test_anti_loop_at_most_one_fallback_per_invocation) ... ok
test_blocked_ticket_does_not_unblock_or_fall_through (test_continue_improve_fallthrough.ContinueImproveFallthroughTests.test_blocked_ticket_does_not_unblock_or_fall_through) ... ok
test_discovered_work_proceeds_through_normal_lifecycle (test_continue_improve_fallthrough.ContinueImproveFallthroughTests.test_discovered_work_proceeds_through_normal_lifecycle) ... ok
test_empty_queue_trigger_is_not_entered_with_dry_run (test_continue_improve_fallthrough.ContinueImproveFallthroughTests.test_empty_queue_trigger_is_not_entered_with_dry_run) ... ok
test_empty_queue_triggers_improve (test_continue_improve_fallthrough.ContinueImproveFallthroughTests.test_empty_queue_triggers_improve) ... ok
test_fallback_payload_contains_no_transition_narration (test_continue_improve_fallthrough.ContinueImproveFallthroughTests.test_fallback_payload_contains_no_transition_narration) ... ok
test_queued_work_outranks_improvement (test_continue_improve_fallthrough.ContinueImproveFallthroughTests.test_queued_work_outranks_improvement) ... ok
test_recovery_rule_not_weakened (test_continue_improve_fallthrough.ContinueImproveFallthroughTests.test_recovery_rule_not_weakened) ... ok
test_verify_review_follow_up_outranks_improvement (test_continue_improve_fallthrough.ContinueImproveFallthroughTests.test_verify_review_follow_up_outranks_improvement) ... ok
test_active_work_is_not_laundered_through_illegal_dfa_edge (test_control_primitives.BuildAndCutTests.test_active_work_is_not_laundered_through_illegal_dfa_edge) ... ok
test_build_starts_at_scout_and_preserves_goal (test_control_primitives.BuildAndCutTests.test_build_starts_at_scout_and_preserves_goal) ... ok
test_confirmed_cut_creates_anchor_before_normal_work (test_control_primitives.BuildAndCutTests.test_confirmed_cut_creates_anchor_before_normal_work) ... ok
test_control_mutation_cannot_handover_foreign_open_attempt (test_control_primitives.BuildAndCutTests.test_control_mutation_cannot_handover_foreign_open_attempt) ... ok
test_cut_anchor_resume_refuses_changed_source (test_control_primitives.BuildAndCutTests.test_cut_anchor_resume_refuses_changed_source) ... ok
test_cut_id_authenticates_exact_impact_plan (test_control_primitives.BuildAndCutTests.test_cut_id_authenticates_exact_impact_plan) ... ok
test_cut_preview_is_stable_zero_write_and_stales (test_control_primitives.BuildAndCutTests.test_cut_preview_is_stable_zero_write_and_stales) ... ok
test_cut_retry_after_anchor_is_idempotent (test_control_primitives.BuildAndCutTests.test_cut_retry_after_anchor_is_idempotent) ... ok
test_empty_build_and_preview_confirm_errors_write_nothing (test_control_primitives.BuildAndCutTests.test_empty_build_and_preview_confirm_errors_write_nothing) ... ok
test_in_place_cold_adoption_preserves_active_phase (test_control_primitives.BuildAndCutTests.test_in_place_cold_adoption_preserves_active_phase) ... ok
test_public_cli_cut_confirmation_transports_exact_plan (test_control_primitives.BuildAndCutTests.test_public_cli_cut_confirmation_transports_exact_plan) ... ok
test_aliases_route_and_payload_clean_is_opaque (test_control_primitives.CliClassifierTests.test_aliases_route_and_payload_clean_is_opaque) ... ok
test_mutation_classifier (test_control_primitives.CliClassifierTests.test_mutation_classifier) ... ok
test_absent_concept_and_git_unavailable_are_truthful (test_control_primitives.FocusTests.test_absent_concept_and_git_unavailable_are_truthful) ... ok
test_bare_active_and_expression_are_zero_write (test_control_primitives.FocusTests.test_bare_active_and_expression_are_zero_write) ... ok
test_focus_does_not_follow_external_symlink (test_control_primitives.FocusTests.test_focus_does_not_follow_external_symlink) ... ok
test_focus_build_focus_cut_cancel_then_cold_undo (test_control_primitives.IntegratedAcceptanceTests.test_focus_build_focus_cut_cancel_then_cold_undo) ... ok
test_blob_dedup_status_is_metadata_only_and_git_index_untouched (test_control_primitives.MilestoneUndoTests.test_blob_dedup_status_is_metadata_only_and_git_index_untouched) ... warning: in the working copy of '.saipen/IDENTITY.md', LF will be replaced by CRLF the next time Git touches it
warning: in the working copy of '.saipen/recovery/settled/.receipt-index.json', LF will be replaced by CRLF the next time Git touches it
warning: in the working copy of '.saipen/recovery/settled/op-migrate-lineage/operation.json', LF will be replaced by CRLF the next time Git touches it
ok
test_corrupt_payload_and_path_escape_refuse (test_control_primitives.MilestoneUndoTests.test_corrupt_payload_and_path_escape_refuse) ... ok
test_crashed_milestone_is_not_selectable_and_recovers (test_control_primitives.MilestoneUndoTests.test_crashed_milestone_is_not_selectable_and_recovers) ... ok
test_crashed_restore_recovers_exact_delete_and_log (test_control_primitives.MilestoneUndoTests.test_crashed_restore_recovers_exact_delete_and_log) ... ok
test_crlf_payload_survives_git_clone_byte_exact (test_control_primitives.MilestoneUndoTests.test_crlf_payload_survives_git_clone_byte_exact) ... warning: in the working copy of '.saipen/IDENTITY.md', LF will be replaced by CRLF the next time Git touches it
warning: in the working copy of '.saipen/recovery/settled/.receipt-index.json', LF will be replaced by CRLF the next time Git touches it
warning: in the working copy of '.saipen/recovery/settled/op-migrate-lineage/operation.json', LF will be replaced by CRLF the next time Git touches it
warning: in the working copy of '.saipen/milestones/CP-001/manifest.json', LF will be replaced by CRLF the next time Git touches it
warning: in the working copy of '.saipen/milestones/current.json', LF will be replaced by CRLF the next time Git touches it
warning: in the working copy of '.saipen/recovery/settled/milestone-74c132717470492a/operation.json', LF will be replaced by CRLF the next time Git touches it
ok
test_deleted_and_new_files_restore (test_control_primitives.MilestoneUndoTests.test_deleted_and_new_files_restore) ... ok
test_exact_binary_restore_append_only_and_branch_sequence (test_control_primitives.MilestoneUndoTests.test_exact_binary_restore_append_only_and_branch_sequence) ... ok
test_first_baseline_can_capture_sparse_git_parent_without_touching_index (test_control_primitives.MilestoneUndoTests.test_first_baseline_can_capture_sparse_git_parent_without_touching_index) ... warning: in the working copy of '.saipen/IDENTITY.md', LF will be replaced by CRLF the next time Git touches it
warning: in the working copy of '.saipen/recovery/settled/.receipt-index.json', LF will be replaced by CRLF the next time Git touches it
warning: in the working copy of '.saipen/recovery/settled/op-migrate-lineage/operation.json', LF will be replaced by CRLF the next time Git touches it
ok
test_foreign_overlap_refuses_without_touching_bytes (test_control_primitives.MilestoneUndoTests.test_foreign_overlap_refuses_without_touching_bytes) ... ok
test_milestone_identity_survives_project_move (test_control_primitives.MilestoneUndoTests.test_milestone_identity_survives_project_move) ... ok
test_milestone_plan_refuses_scope_race (test_control_primitives.MilestoneUndoTests.test_milestone_plan_refuses_scope_race) ... ok
test_no_milestones_and_missing_reason_are_read_only (test_control_primitives.MilestoneUndoTests.test_no_milestones_and_missing_reason_are_read_only) ... ok
test_published_dirty_work_creates_forward_revert (test_control_primitives.MilestoneUndoTests.test_published_dirty_work_creates_forward_revert) ... ok
test_published_milestone_creates_forward_work_not_git_rewrite (test_control_primitives.MilestoneUndoTests.test_published_milestone_creates_forward_work_not_git_rewrite) ... ok
test_reviewed_dirty_work_returns_to_current_milestone (test_control_primitives.MilestoneUndoTests.test_reviewed_dirty_work_returns_to_current_milestone) ... ok
test_symlink_escape_and_external_effect_refuse (test_control_primitives.MilestoneUndoTests.test_symlink_escape_and_external_effect_refuse) ... ok
test_unicode_bom_crlf_and_parent_cycle (test_control_primitives.MilestoneUndoTests.test_unicode_bom_crlf_and_parent_cycle) ... ok
test_clear_refuses_symlinked_cache_dir (test_core_audit_containment.CacheDirSymlinkTests.test_clear_refuses_symlinked_cache_dir) ... ok
test_record_actionable_refuses_symlinked_cache_dir (test_core_audit_containment.CacheDirSymlinkTests.test_record_actionable_refuses_symlinked_cache_dir) ... ok
test_clear_does_not_delete_final_symlink_target (test_core_audit_containment.FinalFileSymlinkTests.test_clear_does_not_delete_final_symlink_target) ... ok
test_record_actionable_does_not_follow_final_symlink (test_core_audit_containment.FinalFileSymlinkTests.test_record_actionable_does_not_follow_final_symlink) ... ok
test_normal_in_project_cache (test_core_audit_containment.NormalCacheTests.test_normal_in_project_cache) ... ok
test_cc_and_continue_share_semantics (test_crew_liveness_drift.AliasEquivalenceTests.test_cc_and_continue_share_semantics) ... ok
test_sc_and_crew_are_one_route (test_crew_liveness_drift.AliasEquivalenceTests.test_sc_and_crew_are_one_route) ... ok
test_dry_run_never_writes_projection (test_crew_liveness_drift.CrewCliLivenessTests.test_dry_run_never_writes_projection) ... ok
test_engine_progress_clears_stall_memory (test_crew_liveness_drift.CrewCliLivenessTests.test_engine_progress_clears_stall_memory) ... ok
test_identical_actionable_twice_reports_stall_not_silence (test_crew_liveness_drift.CrewCliLivenessTests.test_identical_actionable_twice_reports_stall_not_silence) ... ok
test_readonly_session_never_writes_projection (test_crew_liveness_drift.CrewCliLivenessTests.test_readonly_session_never_writes_projection) ... ok
test_deterministic_and_sensitive (test_crew_liveness_drift.FingerprintTests.test_deterministic_and_sensitive) ... ok
test_corrupt_carrier_degrades_to_first_observation (test_crew_liveness_drift.LivenessTrackerTests.test_corrupt_carrier_degrades_to_first_observation) ... ok
test_progress_resets_and_clear (test_crew_liveness_drift.LivenessTrackerTests.test_progress_resets_and_clear) ... ok
test_second_identical_actionable_is_stall (test_crew_liveness_drift.LivenessTrackerTests.test_second_identical_actionable_is_stall) ... ok
test_known_command_with_foreign_home_executes_normally (test_crew_liveness_drift.RuntimeDriftTests.test_known_command_with_foreign_home_executes_normally) ... ok
test_no_state_no_drift_claim (test_crew_liveness_drift.RuntimeDriftTests.test_no_state_no_drift_claim) ... ok
test_same_home_unknown_command_stays_plain (test_crew_liveness_drift.RuntimeDriftTests.test_same_home_unknown_command_stays_plain) ... ok
test_unknown_command_with_foreign_home_is_runtime_drift (test_crew_liveness_drift.RuntimeDriftTests.test_unknown_command_with_foreign_home_is_runtime_drift) ... ok
test_AUTH_01_dedicated_edit_approved_write_authorized (test_effect_authorization.CoverageMatrixTests.test_AUTH_01_dedicated_edit_approved_write_authorized) ... ok
test_AUTH_02_write_without_approval_missing (test_effect_authorization.CoverageMatrixTests.test_AUTH_02_write_without_approval_missing) ... ok
test_AUTH_03_readonly_shell_operation_no_mutation (test_effect_authorization.CoverageMatrixTests.test_AUTH_03_readonly_shell_operation_no_mutation) ... ok
test_AUTH_04_python_via_shell_write_insufficient (test_effect_authorization.CoverageMatrixTests.test_AUTH_04_python_via_shell_write_insufficient) ... ok
test_AUTH_11_claims_readonly_but_tree_changed (test_effect_authorization.CoverageMatrixTests.test_AUTH_11_claims_readonly_but_tree_changed) ... ok
test_AUTH_12_no_change_no_false_mutation (test_effect_authorization.CoverageMatrixTests.test_AUTH_12_no_change_no_false_mutation) ... ok
test_AUTH_18_scope_mismatch_path_b (test_effect_authorization.CoverageMatrixTests.test_AUTH_18_scope_mismatch_path_b) ... ok
test_AUTH_19_stale_attempt_reuse_rejected_unless_reusable (test_effect_authorization.CoverageMatrixTests.test_AUTH_19_stale_attempt_reuse_rejected_unless_reusable) ... ok
test_unknown_effect_fails_closed_as_drift (test_effect_authorization.CoverageMatrixTests.test_unknown_effect_fails_closed_as_drift) ... ok
test_closed_vocabulary_and_mutation_sets (test_effect_authorization.EffectVocabularyTests.test_closed_vocabulary_and_mutation_sets) ... ok
test_default_policy_backward_compatible_and_fail_closed (test_effect_authorization.EffectVocabularyTests.test_default_policy_backward_compatible_and_fail_closed) ... ok
test_tool_contract_possible_is_not_observed (test_effect_authorization.EffectVocabularyTests.test_tool_contract_possible_is_not_observed) ... ok
test_AUTH_15_declared_sandbox_reports_strong (test_effect_authorization.EnforcementHonestyTests.test_AUTH_15_declared_sandbox_reports_strong) ... ok
test_AUTH_16_prompt_conventions_never_reported_as_sandbox (test_effect_authorization.EnforcementHonestyTests.test_AUTH_16_prompt_conventions_never_reported_as_sandbox) ... ok
test_AUTH_17_bounded_authorization_matches_exact_scope (test_effect_authorization.EnforcementHonestyTests.test_AUTH_17_bounded_authorization_matches_exact_scope) ... ok
test_AUTH_20_no_implicit_promotion_execute_to_write (test_effect_authorization.EnforcementHonestyTests.test_AUTH_20_no_implicit_promotion_execute_to_write) ... ok
test_cold_resume_evidence_survives_dead_agent (test_effect_authorization.IncidentFixtureTests.test_cold_resume_evidence_survives_dead_agent) ... ok
test_incident_full_semantics (test_effect_authorization.IncidentFixtureTests.test_incident_full_semantics) ... ok
test_permissions_accepts_no_arguments (test_effect_authorization.PermissionsDiagnosticTests.test_permissions_accepts_no_arguments) ... ok
test_permissions_readonly_json_shape (test_effect_authorization.PermissionsDiagnosticTests.test_permissions_readonly_json_shape) ... ok
test_permissions_surfaces_project_manual_policy_gap (test_effect_authorization.PermissionsDiagnosticTests.test_permissions_surfaces_project_manual_policy_gap) ... ok
test_corrupt_policy_degrades_to_derived (test_effect_authorization.PolicyLoadTests.test_corrupt_policy_degrades_to_derived) ... ok
test_project_policy_tightens_only (test_effect_authorization.PolicyLoadTests.test_project_policy_tightens_only) ... ok
test_AUTH_04_incident_python_writes_tracked_file (test_effect_authorization.TreeDeltaTests.test_AUTH_04_incident_python_writes_tracked_file) ... ok
test_AUTH_05_shell_redirection_into_tracked_file (test_effect_authorization.TreeDeltaTests.test_AUTH_05_shell_redirection_into_tracked_file) ... ok
test_AUTH_06_powershell_set_content_same_class (test_effect_authorization.TreeDeltaTests.test_AUTH_06_powershell_set_content_same_class) ... ok
test_AUTH_07_formatter_rewrite_detected (test_effect_authorization.TreeDeltaTests.test_AUTH_07_formatter_rewrite_detected) ... ok
test_AUTH_08_ignored_artifact_not_project_mutation (test_effect_authorization.TreeDeltaTests.test_AUTH_08_ignored_artifact_not_project_mutation) ... ok
test_AUTH_09_runner_rewrites_tracked_fixture_detected (test_effect_authorization.TreeDeltaTests.test_AUTH_09_runner_rewrites_tracked_fixture_detected) ... ok
test_AUTH_10_git_command_changes_worktree_detected (test_effect_authorization.TreeDeltaTests.test_AUTH_10_git_command_changes_worktree_detected) ... ok
test_AUTH_12_no_operation_no_mutation (test_effect_authorization.TreeDeltaTests.test_AUTH_12_no_operation_no_mutation) ... ok
test_AUTH_13_pre_existing_dirt_not_attributed (test_effect_authorization.TreeDeltaTests.test_AUTH_13_pre_existing_dirt_not_attributed) ... ok
test_AUTH_14_external_concurrent_mutation_provenance_unknown (test_effect_authorization.TreeDeltaTests.test_AUTH_14_external_concurrent_mutation_provenance_unknown) ... ok
test_non_git_project_reports_unavailable_honestly (test_effect_authorization.TreeDeltaTests.test_non_git_project_reports_unavailable_honestly) ... ok
test_injectors_contain_all_19_shortcuts (test_hostile_wave_regressions.Wave1InjectorTests.test_injectors_contain_all_19_shortcuts) ... ok
test_new_shortcuts_ff_xx_vv_zz_present (test_hostile_wave_regressions.Wave1InjectorTests.test_new_shortcuts_ff_xx_vv_zz_present) ... ok
test_aa_over_wait_executes_markhunt (test_hostile_wave_regressions.Wave2ObeyTests.test_aa_over_wait_executes_markhunt) ... ok
test_cc_over_user_brake_wait (test_hostile_wave_regressions.Wave2ObeyTests.test_cc_over_user_brake_wait) ... ok
test_cc_over_wait_is_obey_converge (test_hostile_wave_regressions.Wave2ObeyTests.test_cc_over_wait_is_obey_converge) ... ok
test_next_stays_wait_no_command (test_hostile_wave_regressions.Wave2ObeyTests.test_next_stays_wait_no_command) ... ok
test_safety_valve_cc_reauthorizes (test_hostile_wave_regressions.Wave2ObeyTests.test_safety_valve_cc_reauthorizes) ... ok
test_sss_over_wait_executes_status_not_unknown (test_hostile_wave_regressions.Wave2ObeyTests.test_sss_over_wait_executes_status_not_unknown) ... ok
test_crew_intent_persists_and_cc_resumes (test_hostile_wave_regressions.Wave3CrewTests.test_crew_intent_persists_and_cc_resumes) ... ok
test_malformed_manifest_blocks (test_hostile_wave_regressions.Wave3CrewTests.test_malformed_manifest_blocks) ... ok
test_missing_manifest_yields_sync_not_malformed (test_hostile_wave_regressions.Wave3CrewTests.test_missing_manifest_yields_sync_not_malformed) ... ok
test_activation_reports_the_bounded_final_report (test_hush_runtime.Lifecycle.test_activation_reports_the_bounded_final_report) ... ok
test_the_policy_is_immutable (test_hush_runtime.Lifecycle.test_the_policy_is_immutable) ... ok
test_the_policy_is_task_local_and_never_persisted (test_hush_runtime.Lifecycle.test_the_policy_is_task_local_and_never_persisted) ... ok
test_hush_cc_resolves_to_the_same_command_as_cc (test_hush_runtime.Parity.test_hush_cc_resolves_to_the_same_command_as_cc) ... ok
test_parity_holds_across_the_whole_shortcut_table (test_hush_runtime.Parity.test_parity_holds_across_the_whole_shortcut_table) ... ok
test_parity_holds_for_a_compound_task (test_hush_runtime.Parity.test_parity_holds_for_a_compound_task) ... ok
test_the_modifier_decides_nothing_about_routing (test_hush_runtime.Parity.test_the_modifier_decides_nothing_about_routing) ... ok
test_a_bare_modifier_is_not_an_activation (test_hush_runtime.Parsing.test_a_bare_modifier_is_not_an_activation) ... ok
test_a_leading_modifier_activates_and_hands_over_the_bare_task (test_hush_runtime.Parsing.test_a_leading_modifier_activates_and_hands_over_the_bare_task) ... ok
test_empty_and_non_string_input_never_activate (test_hush_runtime.Parsing.test_empty_and_non_string_input_never_activate) ... ok
test_hush_inside_a_task_is_ordinary_text (test_hush_runtime.Parsing.test_hush_inside_a_task_is_ordinary_text) ... ok
test_the_task_text_is_handed_over_unchanged (test_hush_runtime.Parsing.test_the_task_text_is_handed_over_unchanged) ... ok
test_precedence_still_puts_user_and_safety_above_policy (test_hush_runtime.RegistryTruth.test_precedence_still_puts_user_and_safety_above_policy) ... ok
test_registry_status_matches_the_shipped_runtime (test_hush_runtime.RegistryTruth.test_registry_status_matches_the_shipped_runtime) ... ok
test_the_output_sets_have_one_owner (test_hush_runtime.RegistryTruth.test_the_output_sets_have_one_owner) ... ok
test_an_unknown_output_kind_prints_rather_than_disappearing (test_hush_runtime.Suppression.test_an_unknown_output_kind_prints_rather_than_disappearing) ... ok
test_discretionary_narration_is_suppressed_under_hush (test_hush_runtime.Suppression.test_discretionary_narration_is_suppressed_under_hush) ... ok
test_evidence_and_the_final_report_are_mandatory (test_hush_runtime.Suppression.test_evidence_and_the_final_report_are_mandatory) ... ok
test_mandatory_output_is_never_suppressed (test_hush_runtime.Suppression.test_mandatory_output_is_never_suppressed) ... ok
test_the_default_policy_suppresses_nothing (test_hush_runtime.Suppression.test_the_default_policy_suppresses_nothing) ... ok
test_the_two_output_sets_cannot_overlap (test_hush_runtime.Suppression.test_the_two_output_sets_cannot_overlap) ... ok
test_a_lone_cr_normalises_too (test_inject_digest.ContentBytes.test_a_lone_cr_normalises_too) ... ok
test_a_real_content_change_still_differs (test_inject_digest.ContentBytes.test_a_real_content_change_still_differs) ... ok
test_binary_content_is_hashed_byte_for_byte (test_inject_digest.ContentBytes.test_binary_content_is_hashed_byte_for_byte) ... ok
test_crlf_and_lf_are_the_same_content (test_inject_digest.ContentBytes.test_crlf_and_lf_are_the_same_content) ... ok
test_a_test_cache_is_pruned_like_a_bytecode_cache (test_inject_digest.PruneRule.test_a_test_cache_is_pruned_like_a_bytecode_cache) ... ok
test_the_prune_rule_has_one_owner (test_inject_digest.PruneRule.test_the_prune_rule_has_one_owner) ... ok
test_a_legacy_bare_digest_still_reads (test_inject_digest.StampRecord.test_a_legacy_bare_digest_still_reads) ... ok
test_a_rich_stamp_is_parsed (test_inject_digest.StampRecord.test_a_rich_stamp_is_parsed) ... ok
test_an_absent_or_empty_or_corrupt_stamp_is_no_record (test_inject_digest.StampRecord.test_an_absent_or_empty_or_corrupt_stamp_is_no_record) ... ok
test_the_install_time_is_readable_without_the_clone (test_inject_digest.StampRecord.test_the_install_time_is_readable_without_the_clone) ... ok
test_a_passed_head_is_recorded (test_inject_digest.StampSourceHead.test_a_passed_head_is_recorded) ... ok
test_an_unavailable_head_is_omitted_not_guessed (test_inject_digest.StampSourceHead.test_an_unavailable_head_is_omitted_not_guessed) ... ok
test_a_real_edit_to_the_surface_still_moves_the_digest (test_inject_digest.SurfaceDigest.test_a_real_edit_to_the_surface_still_moves_the_digest) ... ok
test_the_two_transports_agree (test_inject_digest.SurfaceDigest.test_the_two_transports_agree) ... ok
test_audit_core003_cc_surplus_exact_and_sc_surplus_zero_write (test_intent_audit_fixes.IntentAuditTests.test_audit_core003_cc_surplus_exact_and_sc_surplus_zero_write) ... ok
test_audit_core003_converge_target_controls_resume_without_writes (test_intent_audit_fixes.IntentAuditTests.test_audit_core003_converge_target_controls_resume_without_writes) ... ok
test_audit_core003_goal_cc_and_continue_route_identically_without_writes (test_intent_audit_fixes.IntentAuditTests.test_audit_core003_goal_cc_and_continue_route_identically_without_writes) ... ok
test_audit_core003_normal_cc_enters_done_convergence (test_intent_audit_fixes.IntentAuditTests.test_audit_core003_normal_cc_enters_done_convergence) ... ok
test_audit_core003_normal_entry_refuses_intent_race_without_writes (test_intent_audit_fixes.IntentAuditTests.test_audit_core003_normal_entry_refuses_intent_race_without_writes) ... ok
test_audit_core003_sc_and_crew_establish_equivalent_crew_intent (test_intent_audit_fixes.IntentAuditTests.test_audit_core003_sc_and_crew_establish_equivalent_crew_intent) ... ok
test_audit_core003_tripped_goal_cc_reauthorizes_and_clears_wait (test_intent_audit_fixes.IntentAuditTests.test_audit_core003_tripped_goal_cc_reauthorizes_and_clears_wait) ... ok
test_audit_core004_each_stale_dimension_still_reaches_prepare (test_intent_audit_fixes.IntentAuditTests.test_audit_core004_each_stale_dimension_still_reaches_prepare) ... ok
test_audit_core004_matching_ready_dry_run_plans_fresh_execution (test_intent_audit_fixes.IntentAuditTests.test_audit_core004_matching_ready_dry_run_plans_fresh_execution) ... ok
test_audit_core004_matching_ready_never_bypasses_named_prepare (test_intent_audit_fixes.IntentAuditTests.test_audit_core004_matching_ready_never_bypasses_named_prepare) ... ok
test_audit_core005_exact_prepare_commands_keep_fixed_bindings (test_intent_audit_fixes.IntentAuditTests.test_audit_core005_exact_prepare_commands_keep_fixed_bindings) ... ok
test_audit_core005_exact_ship_commands_keep_fixed_bindings (test_intent_audit_fixes.IntentAuditTests.test_audit_core005_exact_ship_commands_keep_fixed_bindings) ... ok
test_audit_core005_malformed_producer_commands_are_zero_write (test_intent_audit_fixes.IntentAuditTests.test_audit_core005_malformed_producer_commands_are_zero_write) ... ok
test_cli_prepare_dry_run_keeps_existing_producer_trees_byte_identical (test_intent_audit_fixes.IntentAuditTests.test_cli_prepare_dry_run_keeps_existing_producer_trees_byte_identical) ... ok
test_core001_capability_default_is_full_when_unset (test_intent_audit_fixes.IntentAuditTests.test_core001_capability_default_is_full_when_unset) ... ok
test_core001_readonly_refuses_mutation (test_intent_audit_fixes.IntentAuditTests.test_core001_readonly_refuses_mutation) ... ok
test_core002_dryrun_zero_write (test_intent_audit_fixes.IntentAuditTests.test_core002_dryrun_zero_write) ... ok
test_core003_existing_outbox_is_not_fresh_execution (test_intent_audit_fixes.IntentAuditTests.test_core003_existing_outbox_is_not_fresh_execution) ... ok
test_core003_no_fabrication_producer (test_intent_audit_fixes.IntentAuditTests.test_core003_no_fabrication_producer) ... ok
test_core003_no_fabrication_sub_role (test_intent_audit_fixes.IntentAuditTests.test_core003_no_fabrication_sub_role) ... ok
test_core004_no_destruction (test_intent_audit_fixes.IntentAuditTests.test_core004_no_destruction) ... ok
test_core005_recover_live_writer_no_delete (test_intent_audit_fixes.IntentAuditTests.test_core005_recover_live_writer_no_delete) ... ok
test_core006_saitranslate_namespace (test_intent_audit_fixes.IntentAuditTests.test_core006_saitranslate_namespace) ... ok
test_core007_crew_defer_accepts_canonical_epoch_shape (test_intent_audit_fixes.IntentAuditTests.test_core007_crew_defer_accepts_canonical_epoch_shape) ... ok
test_core007_no_unknown_action (test_intent_audit_fixes.IntentAuditTests.test_core007_no_unknown_action) ... ok
test_core007_targeted_collect_creates_ticket_before_review (test_intent_audit_fixes.IntentAuditTests.test_core007_targeted_collect_creates_ticket_before_review) ... ok
test_core007_targeted_release_context_requires_ticket_bound_receipt (test_intent_audit_fixes.IntentAuditTests.test_core007_targeted_release_context_requires_ticket_bound_receipt) ... ok
test_core007_targeted_shortcuts_are_ready_only (test_intent_audit_fixes.IntentAuditTests.test_core007_targeted_shortcuts_are_ready_only) ... ok
test_core007_targeted_shortcuts_resume_own_ticket_not_crew (test_intent_audit_fixes.IntentAuditTests.test_core007_targeted_shortcuts_resume_own_ticket_not_crew) ... ok
test_core008_path_containment (test_intent_audit_fixes.IntentAuditTests.test_core008_path_containment) ... ok
test_core010_conformance_containment (test_intent_audit_fixes.IntentAuditTests.test_core010_conformance_containment) ... ok
test_legacy_autonomous_loop_contract_is_crew_only (test_intent_audit_fixes.IntentAuditTests.test_legacy_autonomous_loop_contract_is_crew_only) ... ok
test_perf001_progress_tracker_bounds_all_sequences (test_intent_audit_fixes.IntentAuditTests.test_perf001_progress_tracker_bounds_all_sequences) ... ok
test_review_crew_integrator_refuses_corrupt_epoch_before_payload (test_intent_audit_fixes.IntentAuditTests.test_review_crew_integrator_refuses_corrupt_epoch_before_payload) ... ok
test_review_descriptor_reader_rejects_short_concurrent_snapshot (test_intent_audit_fixes.IntentAuditTests.test_review_descriptor_reader_rejects_short_concurrent_snapshot) ... ok
test_review_durable_epoch_carrier_is_strict_project_authority (test_intent_audit_fixes.IntentAuditTests.test_review_durable_epoch_carrier_is_strict_project_authority) ... ok
test_review_durable_epoch_corruption_never_downgrades_to_legacy (test_intent_audit_fixes.IntentAuditTests.test_review_durable_epoch_corruption_never_downgrades_to_legacy) ... ok
test_review_durable_epoch_refuses_symlinked_ancestor (test_intent_audit_fixes.IntentAuditTests.test_review_durable_epoch_refuses_symlinked_ancestor) ... ok
test_review_durable_epoch_refuses_symlinked_project_identity (test_intent_audit_fixes.IntentAuditTests.test_review_durable_epoch_refuses_symlinked_project_identity) ... ok
test_review_project_identity_descriptor_rejects_lstat_open_pivot (test_intent_audit_fixes.IntentAuditTests.test_review_project_identity_descriptor_rejects_lstat_open_pivot) ... ok
test_review_targeted_collect_refuses_corrupt_epoch_before_any_write (test_intent_audit_fixes.IntentAuditTests.test_review_targeted_collect_refuses_corrupt_epoch_before_any_write) ... ok
test_all_16_phase_documents_exist (test_protocol_registry.ProtocolRegistryTests.test_all_16_phase_documents_exist) ... ok
test_every_declared_load_budget_is_measured_from_registry (test_protocol_registry.ProtocolRegistryTests.test_every_declared_load_budget_is_measured_from_registry) ... ok
test_golden_command_and_chain_snapshots (test_protocol_registry.ProtocolRegistryTests.test_golden_command_and_chain_snapshots) ... ok
test_one_rule_one_owner (test_protocol_registry.ProtocolRegistryTests.test_one_rule_one_owner) ... ok
test_prose_rewrite_cannot_change_shortcut_behavior (test_protocol_registry.ProtocolRegistryTests.test_prose_rewrite_cannot_change_shortcut_behavior) ... ok
test_registry_absent_fails_closed (test_protocol_registry.ProtocolRegistryTests.test_registry_absent_fails_closed) ... ok
test_registry_confusable_fixture_drives_normalizer (test_protocol_registry.ProtocolRegistryTests.test_registry_confusable_fixture_drives_normalizer) ... ok
test_registry_fixture_drives_resolver (test_protocol_registry.ProtocolRegistryTests.test_registry_fixture_drives_resolver) ... ok
test_registry_malformed_fails_closed (test_protocol_registry.ProtocolRegistryTests.test_registry_malformed_fails_closed) ... ok
test_runtime_closed_sets_derive_from_registry (test_protocol_registry.ProtocolRegistryTests.test_runtime_closed_sets_derive_from_registry) ... ok
test_semantic_facts_name_owner_and_test (test_protocol_registry.ProtocolRegistryTests.test_semantic_facts_name_owner_and_test) ... ok
test_repeated_cc_not_psychology (test_repeated_cc.RepeatedCcTests.test_repeated_cc_not_psychology) ... ok
test_same_next_action_not_same_state (test_repeated_cc.RepeatedCcTests.test_same_next_action_not_same_state) ... ok
test_a_board_with_nothing_to_drop_touches_no_intake (test_sandbox_work_surface.WorkSurface.test_a_board_with_nothing_to_drop_touches_no_intake) ... ok
test_a_corrupt_receipt_or_index_never_raises (test_sandbox_work_surface.WorkSurface.test_a_corrupt_receipt_or_index_never_raises) ... ok
test_a_receipt_linked_to_removed_work_is_unlinked (test_sandbox_work_surface.WorkSurface.test_a_receipt_linked_to_removed_work_is_unlinked) ... ok
test_a_receipt_linked_to_surviving_work_is_untouched (test_sandbox_work_surface.WorkSurface.test_a_receipt_linked_to_surviving_work_is_untouched) ... ok
test_a_receipt_naming_work_that_never_existed_stays_dangling (test_sandbox_work_surface.WorkSurface.test_a_receipt_naming_work_that_never_existed_stays_dangling) ... ok
test_an_unlinked_receipt_is_left_alone (test_sandbox_work_surface.WorkSurface.test_an_unlinked_receipt_is_left_alone) ... ok
test_done_and_doing_are_emptied_and_todo_survives_verbatim (test_sandbox_work_surface.WorkSurface.test_done_and_doing_are_emptied_and_todo_survives_verbatim) ... ok
test_complete_and_reconcile_and_invalid (test_self_resolving_gates.DispositionClassifierTests.test_complete_and_reconcile_and_invalid) ... ok
test_explicit_human_boundary_only_source_of_wait_user (test_self_resolving_gates.DispositionClassifierTests.test_explicit_human_boundary_only_source_of_wait_user) ... ok
test_external_boundary_is_never_user_courier (test_self_resolving_gates.DispositionClassifierTests.test_external_boundary_is_never_user_courier) ... ok
test_incident_shape_two_internal_actions_still_execute_self (test_self_resolving_gates.DispositionClassifierTests.test_incident_shape_two_internal_actions_still_execute_self)
INC-MUSE-SHIP-INTERNAL-CHOICE-001: collect-vs-repair is agent work. ... ok
test_unstructured_carrier_fails_closed_invalid (test_self_resolving_gates.DispositionClassifierTests.test_unstructured_carrier_fails_closed_invalid) ... ok
test_explain_next_accepts_no_arguments (test_self_resolving_gates.ExplainNextDiagnosticTests.test_explain_next_accepts_no_arguments) ... ok
test_explain_next_reports_owner_agent_for_internal_stage (test_self_resolving_gates.ExplainNextDiagnosticTests.test_explain_next_reports_owner_agent_for_internal_stage) ... ok
test_classifier_never_reads_titles (test_self_resolving_gates.LabelVsContentTests.test_classifier_never_reads_titles) ... ok
test_actionable_stale_never_classifies_blocked_even_if_vocab_allows (test_self_resolving_gates.SemanticTruthTests.test_actionable_stale_never_classifies_blocked_even_if_vocab_allows) ... ok
test_blocked_reserved_for_no_executable_path (test_self_resolving_gates.SemanticTruthTests.test_blocked_reserved_for_no_executable_path) ... ok
test_missing_disposition_or_evidence_fails_per_finding (test_self_resolving_gates.TraceabilityTests.test_missing_disposition_or_evidence_fails_per_finding) ... ok
test_umbrella_with_full_mapping_passes (test_self_resolving_gates.TraceabilityTests.test_umbrella_with_full_mapping_passes) ... ok
test_umbrella_without_mapping_is_laundering (test_self_resolving_gates.TraceabilityTests.test_umbrella_without_mapping_is_laundering) ... ok
test_verification_must_be_explicit_not_inferred (test_self_resolving_gates.TraceabilityTests.test_verification_must_be_explicit_not_inferred) ... ok
test_genuine_product_choice_passes (test_self_resolving_gates.UserWaitProofTests.test_genuine_product_choice_passes) ... ok
test_operational_choice_cannot_be_laundered_into_wait (test_self_resolving_gates.UserWaitProofTests.test_operational_choice_cannot_be_laundered_into_wait) ... ok
test_vague_need_decision_fails (test_self_resolving_gates.UserWaitProofTests.test_vague_need_decision_fails) ... ok
test_inc_archive_context_pollution_001 (test_source_receipts.SourceReceiptTests.test_inc_archive_context_pollution_001) ... ok
test_inc_lossy_work_summary_001_cold_agent_recovers_full_intent (test_source_receipts.SourceReceiptTests.test_inc_lossy_work_summary_001_cold_agent_recovers_full_intent) ... ok
test_inc_repeated_audit_uncertainty_001 (test_source_receipts.SourceReceiptTests.test_inc_repeated_audit_uncertainty_001) ... ok
test_src01_capture_is_verbatim_and_digest_covers_body_only (test_source_receipts.SourceReceiptTests.test_src01_capture_is_verbatim_and_digest_covers_body_only) ... ok
test_src02_crash_body_before_linkage_is_recoverable (test_source_receipts.SourceReceiptTests.test_src02_crash_body_before_linkage_is_recoverable) ... ok
test_src03_work_never_needed_for_source_durability (test_source_receipts.SourceReceiptTests.test_src03_work_never_needed_for_source_durability) ... ok
test_src04_exact_duplicate_reuses_identity (test_source_receipts.SourceReceiptTests.test_src04_exact_duplicate_reuses_identity) ... ok
test_src05_closed_duplicate_reports_history_without_reopen (test_source_receipts.SourceReceiptTests.test_src05_closed_duplicate_reports_history_without_reopen) ... ok
test_src06_one_character_change_is_new_source (test_source_receipts.SourceReceiptTests.test_src06_one_character_change_is_new_source) ... ok
test_src07_amendment_is_new_immutable_receipt (test_source_receipts.SourceReceiptTests.test_src07_amendment_is_new_immutable_receipt) ... ok
test_src08_dropped_contract_clause_is_detected (test_source_receipts.SourceReceiptTests.test_src08_dropped_contract_clause_is_detected) ... ok
test_src09_board_summary_cannot_replace_linked_source (test_source_receipts.SourceReceiptTests.test_src09_board_summary_cannot_replace_linked_source) ... ok
test_src10_cold_context_exposes_identity_not_body (test_source_receipts.SourceReceiptTests.test_src10_cold_context_exposes_identity_not_body) ... ok
test_src11_done_gate_rejects_one_unresolved_clause (test_source_receipts.SourceReceiptTests.test_src11_done_gate_rejects_one_unresolved_clause) ... ok
test_src12_umbrella_done_requires_all_17_dispositions (test_source_receipts.SourceReceiptTests.test_src12_umbrella_done_requires_all_17_dispositions) ... ok
test_src13_modified_body_fails_closed (test_source_receipts.SourceReceiptTests.test_src13_modified_body_fails_closed) ... ok
test_src14_deleted_active_body_is_validation_failure (test_source_receipts.SourceReceiptTests.test_src14_deleted_active_body_is_validation_failure) ... ok
test_src15_close_archives_and_removes_hot_body (test_source_receipts.SourceReceiptTests.test_src15_close_archives_and_removes_hot_body) ... ok
test_src16_archived_body_is_forensic_only (test_source_receipts.SourceReceiptTests.test_src16_archived_body_is_forensic_only) ... ok
test_src17_purge_keeps_honest_tombstone (test_source_receipts.SourceReceiptTests.test_src17_purge_keeps_honest_tombstone) ... ok
test_src18_no_receipts_means_no_files_or_context_noise (test_source_receipts.SourceReceiptTests.test_src18_no_receipts_means_no_files_or_context_noise) ... ok
test_src19_non_actionable_examples_do_not_become_fake_requirements (test_source_receipts.SourceReceiptTests.test_src19_non_actionable_examples_do_not_become_fake_requirements) ... ok
test_src20_terminal_disposition_requires_evidence_and_verification (test_source_receipts.SourceReceiptTests.test_src20_terminal_disposition_requires_evidence_and_verification) ... ok
test_src21_contract_digest_drift_blocks_work_closure (test_source_receipts.SourceReceiptTests.test_src21_contract_digest_drift_blocks_work_closure) ... ok
test_src22_source_body_is_never_command_input (test_source_receipts.SourceReceiptTests.test_src22_source_body_is_never_command_input) ... ok
test_src23_context_audit_counts_active_body_exactly_once (test_source_receipts.SourceReceiptTests.test_src23_context_audit_counts_active_body_exactly_once) ... ok
test_src24_ids_are_monotonic_even_with_orphan_gap (test_source_receipts.SourceReceiptTests.test_src24_ids_are_monotonic_even_with_orphan_gap) ... ok
test_src25_cli_file_capture_keeps_flags_out_of_body (test_source_receipts.SourceReceiptTests.test_src25_cli_file_capture_keeps_flags_out_of_body) ... ok
test_src26_linked_active_work_prevents_source_close (test_source_receipts.SourceReceiptTests.test_src26_linked_active_work_prevents_source_close) ... ok
test_src27_dry_run_creates_no_intake_or_lock (test_source_receipts.SourceReceiptTests.test_src27_dry_run_creates_no_intake_or_lock) ... ok
test_src28_malformed_ledger_fails_without_rewrite (test_source_receipts.SourceReceiptTests.test_src28_malformed_ledger_fails_without_rewrite) ... ok
test_src29_purge_cli_requires_confirmation (test_source_receipts.SourceReceiptTests.test_src29_purge_cli_requires_confirmation) ... ok
test_src30_integrated_30_clause_resume_and_closure (test_source_receipts.SourceReceiptTests.test_src30_integrated_30_clause_resume_and_closure) ... ok
test_src31_capture_criteria_are_bounded_not_length_only (test_source_receipts.SourceReceiptTests.test_src31_capture_criteria_are_bounded_not_length_only) ... ok
test_src32_receipt_id_cannot_traverse_project_paths (test_source_receipts.SourceReceiptTests.test_src32_receipt_id_cannot_traverse_project_paths) ... ok
test_absence_is_inactive_and_creates_nothing (test_userperson_global.GlobalUserpersonTests.test_absence_is_inactive_and_creates_nothing) ... ok
test_context_absence_is_silent (test_userperson_global.GlobalUserpersonTests.test_context_absence_is_silent) ... ok
test_context_and_brief_expose_compact_activation_only (test_userperson_global.GlobalUserpersonTests.test_context_and_brief_expose_compact_activation_only) ... ok
test_context_audit_accounts_each_active_source_once (test_userperson_global.GlobalUserpersonTests.test_context_audit_accounts_each_active_source_once) ... ok
test_effective_fingerprint_includes_layer_provenance (test_userperson_global.GlobalUserpersonTests.test_effective_fingerprint_includes_layer_provenance) ... ok
test_effective_mutation_refuses_without_writes (test_userperson_global.GlobalUserpersonTests.test_effective_mutation_refuses_without_writes) ... ok
test_effective_outside_project_refuses (test_userperson_global.GlobalUserpersonTests.test_effective_outside_project_refuses) ... ok
test_effective_projection_is_bounded_and_keeps_provenance (test_userperson_global.GlobalUserpersonTests.test_effective_projection_is_bounded_and_keeps_provenance) ... ok
test_empty_global_category_or_preference_is_malformed (test_userperson_global.GlobalUserpersonTests.test_empty_global_category_or_preference_is_malformed) ... ok
test_exact_duplicate_collapses_to_project (test_userperson_global.GlobalUserpersonTests.test_exact_duplicate_collapses_to_project) ... ok
test_global_cli_works_outside_project (test_userperson_global.GlobalUserpersonTests.test_global_cli_works_outside_project) ... ok
test_global_config_never_poison_project_root (test_userperson_global.GlobalUserpersonTests.test_global_config_never_poison_project_root) ... ok
test_global_credential_is_redacted_before_persistence (test_userperson_global.GlobalUserpersonTests.test_global_credential_is_redacted_before_persistence) ... ok
test_global_dry_run_creates_nothing (test_userperson_global.GlobalUserpersonTests.test_global_dry_run_creates_nothing) ... ok
test_global_only_has_provenance (test_userperson_global.GlobalUserpersonTests.test_global_only_has_provenance) ... ok
test_global_remove_absent_stays_off_and_creates_nothing (test_userperson_global.GlobalUserpersonTests.test_global_remove_absent_stays_off_and_creates_nothing) ... ok
test_global_reset_does_not_touch_project (test_userperson_global.GlobalUserpersonTests.test_global_reset_does_not_touch_project) ... ok
test_global_reset_dry_run_changes_nothing_and_creates_no_lock (test_userperson_global.GlobalUserpersonTests.test_global_reset_dry_run_changes_nothing_and_creates_no_lock) ... ok
test_global_reset_requires_confirmation (test_userperson_global.GlobalUserpersonTests.test_global_reset_requires_confirmation) ... ok
test_global_show_absent_creates_nothing (test_userperson_global.GlobalUserpersonTests.test_global_show_absent_creates_nothing) ... ok
test_global_text_show_redacts_manually_present_credential (test_userperson_global.GlobalUserpersonTests.test_global_text_show_redacts_manually_present_credential) ... ok
test_global_writer_busy_is_controlled (test_userperson_global.GlobalUserpersonTests.test_global_writer_busy_is_controlled) ... ok
test_inactive_sub_status_keeps_legacy_surface (test_userperson_global.GlobalUserpersonTests.test_inactive_sub_status_keeps_legacy_surface) ... ok
test_legacy_star_bullets_load_and_next_write_is_canonical (test_userperson_global.GlobalUserpersonTests.test_legacy_star_bullets_load_and_next_write_is_canonical) ... ok
test_lexical_conflict_is_not_semantically_deduplicated (test_userperson_global.GlobalUserpersonTests.test_lexical_conflict_is_not_semantically_deduplicated) ... ok
test_malformed_global_cli_is_controlled_without_traceback (test_userperson_global.GlobalUserpersonTests.test_malformed_global_cli_is_controlled_without_traceback) ... ok
test_malformed_global_context_is_controlled_without_traceback (test_userperson_global.GlobalUserpersonTests.test_malformed_global_context_is_controlled_without_traceback) ... ok
test_malformed_global_refuses_before_mutation (test_userperson_global.GlobalUserpersonTests.test_malformed_global_refuses_before_mutation) ... ok
test_malformed_global_refuses_crew_before_project_mutation (test_userperson_global.GlobalUserpersonTests.test_malformed_global_refuses_crew_before_project_mutation) ... ok
test_malformed_global_sub_status_is_controlled (test_userperson_global.GlobalUserpersonTests.test_malformed_global_sub_status_is_controlled) ... ok
test_platform_path_resolution_is_deterministic_and_never_dot_saipen (test_userperson_global.GlobalUserpersonTests.test_platform_path_resolution_is_deterministic_and_never_dot_saipen) ... ok
test_profile_directory_is_refused_as_external_content (test_userperson_global.GlobalUserpersonTests.test_profile_directory_is_refused_as_external_content) ... ok
test_project_only_has_provenance (test_userperson_global.GlobalUserpersonTests.test_project_only_has_provenance) ... ok
test_project_validator_does_not_consume_global_profile (test_userperson_global.GlobalUserpersonTests.test_project_validator_does_not_consume_global_profile) ... ok
test_real_sub_status_carries_bounded_effective_projection (test_userperson_global.GlobalUserpersonTests.test_real_sub_status_carries_bounded_effective_projection) ... ok
test_scope_conflict_refuses_without_writes (test_userperson_global.GlobalUserpersonTests.test_scope_conflict_refuses_without_writes) ... ok
test_unrelated_layers_survive_project_first (test_userperson_global.GlobalUserpersonTests.test_unrelated_layers_survive_project_first) ... ok
test_A_concurrent_ee_qq_allowed (test_v7_producer_parallelism.V7Test.test_A_concurrent_ee_qq_allowed) ... ok
test_B_ee_ee_serialized (test_v7_producer_parallelism.V7Test.test_B_ee_ee_serialized) ... ok
test_C_qq_qq_serialized (test_v7_producer_parallelism.V7Test.test_C_qq_qq_serialized) ... ok
test_D_crash_leaves_no_ready (test_v7_producer_parallelism.V7Test.test_D_crash_leaves_no_ready) ... ok
test_E_stale_epoch_cannot_publish (test_v7_producer_parallelism.V7Test.test_E_stale_epoch_cannot_publish) ... ok
test_F_idempotent_duplicate_prepare (test_v7_producer_parallelism.V7Test.test_F_idempotent_duplicate_prepare) ... ok
test_G_translate_first_wiki_compatible_drift (test_v7_producer_parallelism.V7Test.test_G_translate_first_wiki_compatible_drift) ... ok
test_H_translate_changes_wiki_read_dep_stale (test_v7_producer_parallelism.V7Test.test_H_translate_changes_wiki_read_dep_stale) ... ok
test_I_same_output_second_refused (test_v7_producer_parallelism.V7Test.test_I_same_output_second_refused) ... ok
test_J_core_unrelated_change_usable (test_v7_producer_parallelism.V7Test.test_J_core_unrelated_change_usable) ... ok
test_K_core_changes_declared_input_stale (test_v7_producer_parallelism.V7Test.test_K_core_changes_declared_input_stale) ... ok
test_L_producer_core_mutation_denied (test_v7_producer_parallelism.V7Test.test_L_producer_core_mutation_denied) ... ok
test_M_restart_recovery_no_false_ready (test_v7_producer_parallelism.V7Test.test_M_restart_recovery_no_false_ready) ... ok
test_N_serialized_through_core_writer_lock (test_v7_producer_parallelism.V7Test.test_N_serialized_through_core_writer_lock) ... ok
test_O_ready_reopen_is_strict_and_payload_bound (test_v7_producer_parallelism.V7Test.test_O_ready_reopen_is_strict_and_payload_bound) ... ok
test_P_integration_is_journaled_then_leaves_hot_ready (test_v7_producer_parallelism.V7Test.test_P_integration_is_journaled_then_leaves_hot_ready) ... ok
test_Q_completed_history_does_not_grow_hot_ready_set (test_v7_producer_parallelism.V7Test.test_Q_completed_history_does_not_grow_hot_ready_set) ... ok
test_w2_001_cross_role_package_refused (test_v7_producer_parallelism.V7Test.test_w2_001_cross_role_package_refused) ... ok
test_w2_001_normal_generation_publishes (test_v7_producer_parallelism.V7Test.test_w2_001_normal_generation_publishes) ... ok
test_w2_001_takeover_epoch_cannot_publish_old_generation (test_v7_producer_parallelism.V7Test.test_w2_001_takeover_epoch_cannot_publish_old_generation) ... ok
test_w2_001_tampered_manifest_refused (test_v7_producer_parallelism.V7Test.test_w2_001_tampered_manifest_refused) ... ok
test_w2_002_malformed_ready_json_refused (test_v7_producer_parallelism.V7Test.test_w2_002_malformed_ready_json_refused) ... ok
test_w2_002_ready_filename_identity_mismatch_refused (test_v7_producer_parallelism.V7Test.test_w2_002_ready_filename_identity_mismatch_refused)
A strictly valid READY stored under another identity's filename is ... ok
test_w2_002_ready_missing_payload_bytes_refused (test_v7_producer_parallelism.V7Test.test_w2_002_ready_missing_payload_bytes_refused) ... ok
test_w2_002_ready_missing_payload_hashes_refused (test_v7_producer_parallelism.V7Test.test_w2_002_ready_missing_payload_hashes_refused) ... ok
test_w2_002_ready_with_wrong_producer_refused (test_v7_producer_parallelism.V7Test.test_w2_002_ready_with_wrong_producer_refused) ... ok
test_w2_002_staging_shaped_ready_refused (test_v7_producer_parallelism.V7Test.test_w2_002_staging_shaped_ready_refused) ... ok
test_w2_002_valid_strict_ready_reused_once (test_v7_producer_parallelism.V7Test.test_w2_002_valid_strict_ready_reused_once) ... ok
test_w2_003_every_begin_crash_cut_is_classifiable_after_takeover (test_v7_producer_parallelism.V7Test.test_w2_003_every_begin_crash_cut_is_classifiable_after_takeover)
Fault-inject a crash after each `begin()` filesystem step. Every ... ok
test_w2_003_manifest_only_staging_preserved_after_takeover (test_v7_producer_parallelism.V7Test.test_w2_003_manifest_only_staging_preserved_after_takeover) ... ok
test_w2_003_marker_identity_shape_violation_is_invalid_not_deleted (test_v7_producer_parallelism.V7Test.test_w2_003_marker_identity_shape_violation_is_invalid_not_deleted)
W2-003 repair: the FIRST durable carrier must be sufficient by ... ok
test_w2_003_marker_manifest_epoch_mismatch_is_invalid_not_deleted (test_v7_producer_parallelism.V7Test.test_w2_003_marker_manifest_epoch_mismatch_is_invalid_not_deleted) ... ok
test_w2_003_marker_manifest_generation_id_mismatch_is_invalid_not_deleted (test_v7_producer_parallelism.V7Test.test_w2_003_marker_manifest_generation_id_mismatch_is_invalid_not_deleted) ... ok
test_w2_003_marker_only_staging_removed_only_after_takeover (test_v7_producer_parallelism.V7Test.test_w2_003_marker_only_staging_removed_only_after_takeover) ... ok
test_w2_004_duplicate_retirement_is_idempotent_and_never_duplicates_settled (test_v7_producer_parallelism.V7Test.test_w2_004_duplicate_retirement_is_idempotent_and_never_duplicates_settled) ... ok
test_w2_004_retire_a_then_publish_and_retire_b_keeps_both_generations (test_v7_producer_parallelism.V7Test.test_w2_004_retire_a_then_publish_and_retire_b_keeps_both_generations) ... ok
test_w2_004_retirement_cas_blocks_foreign_artifact_at_path (test_v7_producer_parallelism.V7Test.test_w2_004_retirement_cas_blocks_foreign_artifact_at_path) ... ok
test_w2_004_scan_a_publish_b_then_retire_stale_a_leaves_b_ready (test_v7_producer_parallelism.V7Test.test_w2_004_scan_a_publish_b_then_retire_stale_a_leaves_b_ready) ... ok
test_w2_004_settled_collision_with_different_content_refuses (test_v7_producer_parallelism.V7Test.test_w2_004_settled_collision_with_different_content_refuses)
An existing SETTLED destination may be treated idempotently only ... ok
test_w2_004_source_distinct_packages_do_not_alias (test_v7_producer_parallelism.V7Test.test_w2_004_source_distinct_packages_do_not_alias) ... ok
test_bulk_and_single_agree_on_every_case (test_verification_grammar.ClassifierAgreement.test_bulk_and_single_agree_on_every_case) ... ok
test_a_mixed_line_counts_as_failure (test_verification_grammar.FailureClaims.test_a_mixed_line_counts_as_failure) ... ok
test_a_real_failure_count_still_claims_failure (test_verification_grammar.FailureClaims.test_a_real_failure_count_still_claims_failure) ... ok
test_explicit_negation_still_wins (test_verification_grammar.FailureClaims.test_explicit_negation_still_wins) ... ok
test_text_without_the_token_is_not_a_claim (test_verification_grammar.FailureClaims.test_text_without_the_token_is_not_a_claim) ... ok
test_zero_count_forms_are_not_failure_claims (test_verification_grammar.FailureClaims.test_zero_count_forms_are_not_failure_claims) ... ok
test_a_real_failure_is_still_rejected (test_verification_grammar.SingleTicket.test_a_real_failure_is_still_rejected) ... ok
test_low_confidence_is_still_rejected (test_verification_grammar.SingleTicket.test_low_confidence_is_still_rejected) ... ok
test_manual_verify_still_counts (test_verification_grammar.SingleTicket.test_manual_verify_still_counts) ... ok
test_no_boundary_is_still_unproven (test_verification_grammar.SingleTicket.test_no_boundary_is_still_unproven) ... ok
test_the_canonical_zero_failure_summary_is_accepted (test_verification_grammar.SingleTicket.test_the_canonical_zero_failure_summary_is_accepted) ... ok
test_forged_receipt_leaves_the_delta_unattributed_and_visible (test_xpatch.ConvergenceAttribution.test_forged_receipt_leaves_the_delta_unattributed_and_visible) ... ok
test_receipt_explained_delta_is_attributed (test_xpatch.ConvergenceAttribution.test_receipt_explained_delta_is_attributed) ... ok
test_target_repair_after_the_patch_stays_attributed (test_xpatch.ConvergenceAttribution.test_target_repair_after_the_patch_stays_attributed) ... ok
test_unexplained_delta_is_unattributed (test_xpatch.ConvergenceAttribution.test_unexplained_delta_is_unattributed) ... ok
test_applied_record_cannot_contradict_its_intent (test_xpatch.CrashWindows.test_applied_record_cannot_contradict_its_intent) ... ok
test_direct_intent_without_applied_still_explains_the_declared_bytes (test_xpatch.CrashWindows.test_direct_intent_without_applied_still_explains_the_declared_bytes)
The real crash window: a direct receipt is durable BEFORE the bytes ... ok
test_disposition_without_apply_refuses (test_xpatch.CrashWindows.test_disposition_without_apply_refuses) ... ok
test_partial_disposition_refuses (test_xpatch.CrashWindows.test_partial_disposition_refuses) ... ok
test_payload_without_intent_is_ignored_not_claimed (test_xpatch.CrashWindows.test_payload_without_intent_is_ignored_not_claimed) ... ok
test_pending_proposal_claims_nothing (test_xpatch.CrashWindows.test_pending_proposal_claims_nothing)
Nobody wrote those bytes yet, so a proposal must not claim them -- ... ok
test_creation_and_deletion_round_trip (test_xpatch.CreationAndDeletion.test_creation_and_deletion_round_trip) ... ok
test_creation_into_a_new_directory_works (test_xpatch.CreationAndDeletion.test_creation_into_a_new_directory_works) ... ok
test_deleting_a_missing_file_refuses (test_xpatch.CreationAndDeletion.test_deleting_a_missing_file_refuses) ... ok
test_no_op_mutation_refuses (test_xpatch.CreationAndDeletion.test_no_op_mutation_refuses) ... ok
test_direct_apply_refuses_and_names_the_gate (test_xpatch.DirectModeStaysGated.test_direct_apply_refuses_and_names_the_gate) ... ok
test_target_may_finish_a_stranded_direct_receipt (test_xpatch.DirectModeStaysGated.test_target_may_finish_a_stranded_direct_receipt)
Mode says who was SUPPOSED to write, not who MAY. A direct receipt ... ok
test_double_apply_refuses (test_xpatch.DriftAndCas.test_double_apply_refuses) ... ok
test_partial_payload_writes_nothing (test_xpatch.DriftAndCas.test_partial_payload_writes_nothing) ... ok
test_revert_refuses_once_the_bytes_moved_on (test_xpatch.DriftAndCas.test_revert_refuses_once_the_bytes_moved_on) ... ok
test_revert_restores_only_its_own_bytes (test_xpatch.DriftAndCas.test_revert_restores_only_its_own_bytes) ... ok
test_target_modification_after_apply_reads_as_conflicting (test_xpatch.DriftAndCas.test_target_modification_after_apply_reads_as_conflicting) ... ok
test_target_moved_before_apply_yields_zero_writes (test_xpatch.DriftAndCas.test_target_moved_before_apply_yields_zero_writes) ... ok
test_foreign_target_lineage_does_not_bind (test_xpatch.ForgedAndForeignReceipts.test_foreign_target_lineage_does_not_bind) ... ok
test_forged_after_hash_is_caught_at_apply (test_xpatch.ForgedAndForeignReceipts.test_forged_after_hash_is_caught_at_apply) ... ok
test_receipt_id_must_match_its_directory (test_xpatch.ForgedAndForeignReceipts.test_receipt_id_must_match_its_directory) ... ok
test_stranger_directory_in_the_namespace_is_a_problem_not_a_claim (test_xpatch.ForgedAndForeignReceipts.test_stranger_directory_in_the_namespace_is_a_problem_not_a_claim) ... ok
test_unreadable_lineage_refuses_to_bind (test_xpatch.ForgedAndForeignReceipts.test_unreadable_lineage_refuses_to_bind) ... ok
test_verification_result_vocabulary_is_closed (test_xpatch.ForgedAndForeignReceipts.test_verification_result_vocabulary_is_closed) ... ok
test_apply_then_verify (test_xpatch.HappyPath.test_apply_then_verify) ... ok
test_repair_supersedes_the_foreign_after_state (test_xpatch.HappyPath.test_repair_supersedes_the_foreign_after_state) ... ok
test_ids_are_unique_and_sequential (test_xpatch.IdAllocation.test_ids_are_unique_and_sequential) ... ok
test_taken_id_is_never_reused (test_xpatch.IdAllocation.test_taken_id_is_never_reused) ... ok
test_backslash_paths_refuse (test_xpatch.NamespaceBoundary.test_backslash_paths_refuse) ... ok
test_path_escape_and_absolute_paths_refuse (test_xpatch.NamespaceBoundary.test_path_escape_and_absolute_paths_refuse) ... ok
test_target_protocol_state_is_never_writable (test_xpatch.NamespaceBoundary.test_target_protocol_state_is_never_writable) ... ok
test_intent_writes_zero_target_source_bytes (test_xpatch.RecordingLeavesTargetSourceUntouched.test_intent_writes_zero_target_source_bytes) ... ok
test_pending_proposal_claims_nothing_live (test_xpatch.RecordingLeavesTargetSourceUntouched.test_pending_proposal_claims_nothing_live) ... ok
test_a_receipt_never_claims_a_path_it_did_not_declare (test_xpatch.UnrelatedDirtStaysUnattributed.test_a_receipt_never_claims_a_path_it_did_not_declare) ... ok
test_before_hash_cas_control_is_red (test_xpatch_controls.ControlsAreRed.test_before_hash_cas_control_is_red) ... ok
test_lineage_binding_control_is_red (test_xpatch_controls.ControlsAreRed.test_lineage_binding_control_is_red) ... ok
test_namespace_boundary_control_is_red (test_xpatch_controls.ControlsAreRed.test_namespace_boundary_control_is_red) ... ok
test_payload_hash_control_is_red (test_xpatch_controls.ControlsAreRed.test_payload_hash_control_is_red) ... ok
test_revert_clobber_control_is_red (test_xpatch_controls.ControlsAreRed.test_revert_clobber_control_is_red) ... ok

----------------------------------------------------------------------
Ran 701 tests in 226.458s

OK
